id,name,email,gender,signup_date,last_login_date,last_login_time,point
3,Nettle Hearne,nhearne2@mozilla.com,여,5/27/2019,5/2/2020,4:36 AM,503492.35
7,Emelina Heyns,eheyns6@surveymonkey.com,여,10/15/2019,2/3/2020,11:26 PM,29884.46
9,Arlyn Chrisp,achrisp8@miitbeian.gov.cn,여,7/14/2019,2/11/2020,11:43 PM,845565.88
13,Alis Gianetti,agianettic@github.io,여,7/31/2019,4/5/2020,8:35 AM,888427.11
14,Katey Sedgmond,ksedgmondd@mtv.com,여,11/3/2019,4/3/2020,6:33 AM,251550.95
15,Jemmy Cabotto,jcabottoe@patch.com,여,6/7/2019,5/6/2020,11:17 PM,869445.12
16,Chryste Heppenspall,cheppenspallf@tripadvisor.com,여,12/20/2019,1/3/2020,7:10 PM,553837.19
17,Karola Clarabut,kclarabutg@latimes.com,여,6/19/2019,2/18/2020,3:41 PM,488177.64
18,Jessalin Leak,jleakh@reddit.com,여,11/13/2019,1/3/2020,7:09 AM,649775.74
21,Betsy Clelland,bclellandk@dropbox.com,여,9/18/2019,5/1/2020,6:34 AM,587592.75
23,Audrye Pesak,apesakm@fotki.com,여,8/14/2019,4/30/2020,5:13 PM,808058.89
24,Catie Adin,cadinn@ucoz.com,여,7/25/2019,1/29/2020,9:33 PM,70646.22
28,Millisent Gavrieli,mgavrielir@cmu.edu,여,11/18/2019,2/22/2020,2:24 PM,122547.10
29,Phillida Larchiere,plarchieres@ebay.co.uk,여,5/2/2019,1/23/2020,4:49 PM,193727.10
30,Drucill Marchetti,dmarchettit@statcounter.com,여,12/7/2019,4/11/2020,8:05 PM,70720.37
31,Kata Handke,khandkeu@php.net,여,5/3/2019,1/16/2020,12:27 AM,137807.41
33,Dee Vaun,dvaunw@umich.edu,여,6/13/2019,5/8/2020,12:28 PM,762245.74
38,Rycca Charnick,rcharnick11@cdc.gov,여,9/15/2019,4/23/2020,2:24 PM,316514.85
40,Tara Grebbin,tgrebbin13@boston.com,여,5/5/2019,1/24/2020,2:08 PM,510761.19
41,Tiffi Di Lucia,tdilucia14@example.com,여,7/20/2019,1/2/2020,5:12 AM,294630.01
42,Robinetta Nares,rnares15@mapquest.com,여,6/22/2019,2/22/2020,10:39 PM,457461.65
44,Lee Linkleter,llinkleter17@admin.ch,여,11/21/2019,3/13/2020,3:00 PM,709005.49
45,Ivie Longthorne,ilongthorne18@telegraph.co.uk,여,6/13/2019,4/5/2020,12:31 AM,873205.56
46,Loralee Huckster,lhuckster19@google.es,여,10/11/2019,3/7/2020,1:23 AM,172141.91
48,Marilyn Mohammad,mmohammad1b@ftc.gov,여,12/28/2019,3/6/2020,3:12 PM,428447.14
50,Dari Von Der Empten,dvonderempten1d@edublogs.org,여,5/21/2019,1/16/2020,9:49 AM,805434.38
52,Fredi Lydiard,flydiard1f@ted.com,여,12/13/2019,3/17/2020,8:58 AM,123926.33
54,Ingeborg Couper,icouper1h@issuu.com,여,5/18/2019,5/7/2020,5:15 AM,32574.11
55,Randa McCague,rmccague1i@adobe.com,여,9/14/2019,3/10/2020,3:25 AM,510330.36
63,Florella Balog,fbalog1q@dyndns.org,여,9/5/2019,2/19/2020,11:46 AM,411515.82
65,Sascha Whitter,swhitter1s@europa.eu,여,5/30/2019,1/22/2020,2:25 PM,608586.97
66,Gwenny Oakenfall,goakenfall1t@gnu.org,여,10/14/2019,2/23/2020,8:13 AM,561951.50
67,Judie Bottrill,jbottrill1u@japanpost.jp,여,7/7/2019,4/17/2020,4:27 PM,155985.58
70,Noelle Lackemann,nlackemann1x@creativecommons.org,여,7/23/2019,2/16/2020,12:30 PM,221450.70
72,Mercedes Mowday,mmowday1z@tiny.cc,여,10/16/2019,2/14/2020,3:10 PM,273050.59
73,Ted McFall,tmcfall20@apple.com,여,10/28/2019,2/12/2020,12:09 AM,572148.55
78,Luz Foy,lfoy25@pen.io,여,10/14/2019,3/17/2020,5:46 AM,219000.50
81,Genevra Pilfold,gpilfold28@sogou.com,여,6/2/2019,4/8/2020,6:17 AM,312933.39
84,Nance Armit,narmit2b@state.gov,여,7/16/2019,2/20/2020,3:26 AM,349570.64
85,Elizabet Stacy,estacy2c@chronoengine.com,여,12/30/2019,1/29/2020,2:22 AM,261459.24
86,Noellyn Ziem,nziem2d@samsung.com,여,6/20/2019,3/28/2020,11:01 AM,657688.59
87,Odetta Daintry,odaintry2e@princeton.edu,여,7/15/2019,4/26/2020,8:29 PM,565375.72
88,Madeleine Lackie,mlackie2f@salon.com,여,11/12/2019,5/1/2020,5:07 AM,661189.64
90,Jillana Auston,jauston2h@ucsd.edu,여,7/20/2019,4/21/2020,10:48 PM,862584.51
91,Babita Raitie,braitie2i@nymag.com,여,8/8/2019,1/28/2020,2:25 PM,648601.37
93,Kissiah Clubley,kclubley2k@tuttocitta.it,여,12/30/2019,5/8/2020,2:22 PM,578830.51
94,Claudie Jellicorse,cjellicorse2l@blogspot.com,여,10/11/2019,1/9/2020,1:36 PM,40775.21
96,Chad O' Hogan,cohogan2n@wired.com,여,11/29/2019,1/20/2020,9:10 PM,323329.00
98,Cassie Quiddinton,cquiddinton2p@simplemachines.org,여,12/17/2019,1/30/2020,3:03 AM,207638.83
99,Rosamond Seville,rseville2q@alibaba.com,여,7/26/2019,3/7/2020,3:35 AM,211147.83
100,Roby Pindar,rpindar2r@wikispaces.com,여,11/20/2019,2/17/2020,1:39 AM,739543.76
103,Drusi Patnelli,dpatnelli2u@goodreads.com,여,7/24/2019,4/11/2020,2:59 PM,989449.05
104,Larine Jovey,ljovey2v@tripod.com,여,6/24/2019,2/9/2020,8:33 AM,29335.75
106,Elvera McBeth,emcbeth2x@smugmug.com,여,7/27/2019,2/4/2020,10:04 AM,814095.86
107,Stormy Haggis,shaggis2y@nifty.com,여,11/25/2019,3/23/2020,3:09 PM,510516.51
110,Henrieta Mousby,hmousby31@blinklist.com,여,12/14/2019,2/17/2020,8:25 AM,496045.41
122,Nettie Busek,nbusek3d@taobao.com,여,11/13/2019,3/1/2020,6:05 AM,624245.81
124,Valentine Ricciardello,vricciardello3f@simplemachines.org,여,10/2/2019,4/23/2020,11:51 AM,901283.54
125,Selma Itzig,sitzig3g@quantcast.com,여,11/11/2019,3/25/2020,3:33 PM,934137.02
126,Karina Scone,kscone3h@telegraph.co.uk,여,6/21/2019,2/21/2020,10:18 PM,208022.39
128,Theressa Aasaf,taasaf3j@addtoany.com,여,6/11/2019,1/7/2020,8:04 AM,109693.72
130,Bianca Yosevitz,byosevitz3l@behance.net,여,12/30/2019,1/9/2020,5:45 PM,346030.78
133,Leonanie Revel,lrevel3o@skyrock.com,여,10/15/2019,4/12/2020,5:58 AM,232098.97
135,Lucky MacAnespie,lmacanespie3q@quantcast.com,여,5/19/2019,5/1/2020,3:01 PM,107247.66
136,Onida Dilgarno,odilgarno3r@prlog.org,여,8/6/2019,5/4/2020,9:50 AM,963280.98
137,Violante De Carteret,vdecarteret3s@discovery.com,여,12/27/2019,5/4/2020,12:42 AM,777544.43
138,Dominga Huckle,dhuckle3t@mac.com,여,8/21/2019,2/9/2020,5:28 AM,302016.70
140,Lydie Crilley,lcrilley3v@ovh.net,여,6/24/2019,2/23/2020,6:19 PM,162447.22
142,Renate Basek,rbasek3x@wikia.com,여,5/24/2019,2/8/2020,7:31 PM,30337.21
144,Isidora Balm,ibalm3z@omniture.com,여,8/3/2019,1/15/2020,5:45 AM,729244.94
145,Midge Petrussi,mpetrussi40@delicious.com,여,9/10/2019,4/28/2020,2:57 PM,499105.04
150,Karlotte Murkitt,kmurkitt45@blogs.com,여,8/8/2019,1/28/2020,3:10 AM,769729.80
151,Thomasine Van't Hoff,tvanthoff46@auda.org.au,여,11/19/2019,3/18/2020,1:49 AM,752825.40
152,Kayley Pruvost,kpruvost47@disqus.com,여,7/7/2019,1/11/2020,7:35 AM,34321.90
153,Lorne Alishoner,lalishoner48@google.cn,여,6/15/2019,4/17/2020,5:43 AM,439807.62
154,Genovera Ruddell,gruddell49@reddit.com,여,12/18/2019,3/30/2020,12:33 PM,71986.74
156,Caron Spaughton,cspaughton4b@ed.gov,여,12/3/2019,1/7/2020,7:56 PM,9808.98
161,Janeen Laffan,jlaffan4g@pen.io,여,11/13/2019,5/8/2020,1:42 PM,648332.35
162,Nani Seeks,nseeks4h@parallels.com,여,9/23/2019,1/2/2020,12:20 AM,911122.42
163,Kellen Mompesson,kmompesson4i@hatena.ne.jp,여,12/25/2019,2/27/2020,4:49 AM,70199.68
169,Zilvia Teece,zteece4o@buzzfeed.com,여,10/6/2019,1/22/2020,2:44 AM,329666.50
172,Denice Ostridge,dostridge4r@time.com,여,10/8/2019,3/26/2020,2:29 PM,74386.65
173,Cleopatra Whymark,cwhymark4s@unblog.fr,여,10/14/2019,3/1/2020,4:20 AM,758223.23
176,Mara Parvin,mparvin4v@accuweather.com,여,8/24/2019,1/9/2020,8:38 PM,336978.79
177,Myriam Youle,myoule4w@dot.gov,여,12/12/2019,2/15/2020,7:16 AM,771986.13
183,Lavinia Nowakowski,lnowakowski52@quantcast.com,여,11/19/2019,2/5/2020,4:56 PM,111126.38
186,Selene Beaton,sbeaton55@mozilla.org,여,12/22/2019,1/21/2020,8:24 AM,953186.70
188,Ivy Debnam,idebnam57@wikia.com,여,10/16/2019,4/26/2020,7:58 AM,633873.25
189,Gillan Rawes,grawes58@ifeng.com,여,10/22/2019,5/9/2020,10:21 PM,178977.60
193,Alfi Stoodley,astoodley5c@hostgator.com,여,7/26/2019,2/12/2020,5:29 PM,639595.95
194,Collie Ainsley,cainsley5d@elegantthemes.com,여,8/15/2019,1/8/2020,7:10 AM,191053.94
195,Olva Gowanson,ogowanson5e@ftc.gov,여,7/28/2019,4/7/2020,11:07 PM,734227.48
196,Clotilda Rosenstiel,crosenstiel5f@nature.com,여,8/21/2019,4/21/2020,3:10 AM,864160.86
197,Romonda Simony,rsimony5g@narod.ru,여,10/3/2019,5/12/2020,7:03 AM,499799.34
202,Dominica Wiltshier,dwiltshier5l@redcross.org,여,6/21/2019,4/18/2020,8:45 AM,436055.24
205,Stace Kingshott,skingshott5o@arizona.edu,여,12/10/2019,4/9/2020,7:40 AM,446643.04
206,Ekaterina Rollo,erollo5p@oakley.com,여,9/19/2019,2/4/2020,4:27 AM,159811.37
209,Shandy Driver,sdriver5s@sakura.ne.jp,여,10/5/2019,5/10/2020,12:41 PM,166368.97
211,Cindra Ohms,cohms5u@timesonline.co.uk,여,6/17/2019,4/12/2020,5:51 AM,142480.08
212,Prudence Hall,phall5v@dropbox.com,여,9/2/2019,4/7/2020,8:22 PM,27028.92
214,Korry Reading,kreading5x@oracle.com,여,6/13/2019,2/19/2020,10:02 PM,185639.07
215,Ardella Scowen,ascowen5y@devhub.com,여,11/13/2019,1/19/2020,4:28 PM,657409.11
220,Caterina Pegler,cpegler63@vimeo.com,여,6/10/2019,3/19/2020,11:41 AM,18916.34
221,Winni Bearham,wbearham64@theglobeandmail.com,여,7/3/2019,1/30/2020,8:49 PM,726921.63
222,Josie McIlwrath,jmcilwrath65@unc.edu,여,7/13/2019,1/6/2020,11:57 PM,721077.89
226,Audre MacGettigen,amacgettigen69@bizjournals.com,여,12/10/2019,4/7/2020,3:14 AM,340381.35
228,Margarette Chippendale,mchippendale6b@barnesandnoble.com,여,6/23/2019,5/9/2020,5:18 PM,118470.89
229,Emma Puddifer,epuddifer6c@exblog.jp,여,10/5/2019,1/24/2020,11:27 AM,328553.45
231,Bibbie Wurst,bwurst6e@gov.uk,여,12/2/2019,4/5/2020,11:44 PM,160775.04
233,Ivie Wonham,iwonham6g@mysql.com,여,10/21/2019,5/5/2020,8:43 PM,845093.03
234,Haley Forrestor,hforrestor6h@fema.gov,여,11/3/2019,4/12/2020,3:02 PM,414330.96
235,Allene Robson,arobson6i@desdev.cn,여,8/5/2019,2/11/2020,4:09 PM,687399.85
236,Kara Slaight,kslaight6j@51.la,여,7/9/2019,5/8/2020,7:37 PM,548641.47
238,Magdalena Bampkin,mbampkin6l@barnesandnoble.com,여,6/30/2019,4/28/2020,3:18 PM,317134.91
239,Rona Posnett,rposnett6m@yellowbook.com,여,5/7/2019,5/7/2020,11:33 PM,496814.01
240,Chrysler Hause,chause6n@creativecommons.org,여,8/28/2019,4/15/2020,8:58 AM,710863.65
242,Livvyy Speeding,lspeeding6p@who.int,여,10/31/2019,4/19/2020,7:45 AM,658588.21
243,Kally Lister,klister6q@clickbank.net,여,5/15/2019,2/16/2020,10:18 AM,792185.73
244,Jilleen Swepson,jswepson6r@reddit.com,여,5/23/2019,3/27/2020,3:06 AM,637510.45
246,Marcy Patman,mpatman6t@github.com,여,8/6/2019,2/16/2020,5:10 PM,658008.68
247,Edi Everton,eeverton6u@ocn.ne.jp,여,6/10/2019,4/20/2020,7:00 PM,528537.82
251,Dolorita Mockford,dmockford6y@wikipedia.org,여,6/18/2019,4/10/2020,2:06 AM,627466.61
252,Danella Learmouth,dlearmouth6z@wsj.com,여,10/28/2019,4/16/2020,12:15 PM,802065.76
253,Malina Marchington,mmarchington70@homestead.com,여,12/21/2019,3/19/2020,6:00 PM,997578.17
255,Essy Lode,elode72@statcounter.com,여,5/20/2019,1/5/2020,6:34 PM,395365.74
256,Latashia Pegden,lpegden73@indiegogo.com,여,11/21/2019,2/22/2020,7:29 PM,496468.17
258,Vitia Ogle,vogle75@arstechnica.com,여,9/18/2019,4/6/2020,4:26 AM,69306.27
262,Mady Beams,mbeams79@google.com.br,여,12/13/2019,4/1/2020,6:32 PM,19138.83
263,Gwenny Goard,ggoard7a@hhs.gov,여,11/28/2019,4/1/2020,12:52 AM,257895.71
264,Josie Tumelty,jtumelty7b@kickstarter.com,여,11/14/2019,2/5/2020,2:15 AM,393674.02
267,Theadora Brannon,tbrannon7e@va.gov,여,8/28/2019,3/31/2020,4:16 PM,445675.92
269,Josselyn Gainsbury,jgainsbury7g@columbia.edu,여,6/8/2019,4/14/2020,5:46 PM,541736.41
276,Leta Klimshuk,lklimshuk7n@cyberchimps.com,여,7/14/2019,4/4/2020,5:40 PM,758118.81
277,Nadia Mcwhinnie,nmcwhinnie7o@instagram.com,여,12/9/2019,2/10/2020,5:15 PM,528042.67
279,Antonietta Casely,acasely7q@wufoo.com,여,7/8/2019,3/13/2020,8:04 PM,329627.50
280,Adele Wile,awile7r@ebay.co.uk,여,7/1/2019,1/11/2020,5:10 PM,534301.74
284,Jeanelle Bjerkan,jbjerkan7v@wikispaces.com,여,6/14/2019,5/9/2020,8:54 PM,9943.97
286,Darcie Blakeslee,dblakeslee7x@mashable.com,여,7/7/2019,5/10/2020,2:34 PM,387131.82
287,Harriette Lockwood,hlockwood7y@tuttocitta.it,여,12/28/2019,4/17/2020,10:06 PM,70387.13
289,Trista Mourant,tmourant80@go.com,여,7/20/2019,2/17/2020,11:00 AM,714585.05
293,Marga Bonnefin,mbonnefin84@addtoany.com,여,9/10/2019,1/1/2020,8:07 PM,231.21
297,Kellia Condell,kcondell88@last.fm,여,11/18/2019,4/17/2020,11:42 PM,457405.72
298,Randee Wark,rwark89@seattletimes.com,여,5/31/2019,1/11/2020,2:26 AM,115013.27
299,Aleece Brisset,abrisset8a@sina.com.cn,여,6/6/2019,1/29/2020,7:05 AM,442205.40
300,Moira Penton,mpenton8b@wired.com,여,9/9/2019,3/22/2020,11:25 PM,12409.44
301,Linet Poytres,lpoytres8c@ebay.co.uk,여,10/30/2019,1/17/2020,12:49 AM,948888.04
302,Peria Dearlove,pdearlove8d@xinhuanet.com,여,8/2/2019,3/12/2020,9:30 AM,421326.47
303,Shalne Frow,sfrow8e@google.co.jp,여,7/9/2019,5/3/2020,2:08 AM,356328.85
304,Marnia Goodere,mgoodere8f@disqus.com,여,6/13/2019,3/10/2020,7:24 AM,290058.43
309,Auguste Elgie,aelgie8k@goo.gl,여,6/20/2019,4/28/2020,10:07 PM,514823.32
315,Tonie Martino,tmartino8q@rakuten.co.jp,여,8/14/2019,1/16/2020,11:09 PM,448131.08
318,Gabbi Lewry,glewry8t@1688.com,여,8/28/2019,2/13/2020,1:14 AM,419368.19
321,Meggi Iacovozzo,miacovozzo8w@cmu.edu,여,12/24/2019,4/19/2020,2:49 PM,717967.17
322,Ranna Gentner,rgentner8x@cnet.com,여,10/22/2019,1/12/2020,6:01 PM,213837.49
323,Keslie Benediktovich,kbenediktovich8y@prweb.com,여,12/24/2019,5/5/2020,3:02 AM,56502.07
325,Susan Bonn,sbonn90@amazon.co.uk,여,12/17/2019,2/18/2020,6:36 PM,826745.71
326,Sheree Le Page,slepage91@ed.gov,여,11/4/2019,2/7/2020,9:31 PM,949865.08
329,Karin De Hooge,kdehooge94@arizona.edu,여,11/14/2019,4/23/2020,9:17 AM,909722.46
332,Ruthie Witard,rwitard97@4shared.com,여,8/16/2019,1/1/2020,1:43 AM,219887.15
334,Wenona Cumber,wcumber99@fastcompany.com,여,11/22/2019,1/19/2020,7:21 AM,89568.65
337,Carmine O'Bradane,cobradane9c@toplist.cz,여,8/25/2019,1/20/2020,12:50 AM,883128.12
339,Didi Blague,dblague9e@goo.gl,여,6/14/2019,2/1/2020,7:23 AM,184903.06
340,Natalee Leverette,nleverette9f@fotki.com,여,8/16/2019,2/16/2020,5:00 PM,971460.95
342,Britney Catcheside,bcatcheside9h@patch.com,여,7/5/2019,5/3/2020,2:50 AM,495729.76
343,Klarrisa Burniston,kburniston9i@census.gov,여,6/3/2019,2/18/2020,5:44 PM,119194.53
344,Laurice Benitti,lbenitti9j@dailymotion.com,여,7/6/2019,2/15/2020,1:41 AM,535759.20
346,Ines Rickcord,irickcord9l@cornell.edu,여,12/24/2019,4/18/2020,12:55 AM,638106.14
349,Gui Etches,getches9o@nymag.com,여,7/16/2019,1/5/2020,4:48 AM,356109.42
353,Cecelia Andress,candress9s@xrea.com,여,10/14/2019,1/15/2020,10:26 AM,867639.66
355,Chickie Lozano,clozano9u@example.com,여,11/13/2019,1/16/2020,2:58 PM,158082.01
357,Nataline Maddy,nmaddy9w@hibu.com,여,8/1/2019,3/21/2020,2:03 AM,614024.05
358,Donella Escala,descala9x@booking.com,여,5/6/2019,2/10/2020,9:53 PM,809580.94
359,Betti Edgeley,bedgeley9y@epa.gov,여,7/17/2019,4/7/2020,6:21 AM,821385.35
360,Irma Najafian,inajafian9z@ftc.gov,여,12/19/2019,3/10/2020,8:17 PM,604281.02
362,Guglielma Stephen,gstephena1@time.com,여,10/7/2019,4/22/2020,1:06 PM,44745.97
363,Ronda Tebald,rtebalda2@instagram.com,여,5/16/2019,5/10/2020,7:14 AM,22228.45
372,Gretal Tollmache,gtollmacheab@cargocollective.com,여,9/25/2019,3/25/2020,8:26 PM,873296.93
373,Dorelia Blonden,dblondenac@apache.org,여,6/12/2019,3/14/2020,3:51 AM,329172.71
374,Eugenia Gamett,egamettad@mapquest.com,여,5/16/2019,3/3/2020,4:23 PM,968084.70
377,Maire Jewess,mjewessag@ezinearticles.com,여,7/16/2019,3/29/2020,3:04 PM,338529.51
379,Ronalda Detoc,rdetocai@myspace.com,여,5/16/2019,1/9/2020,9:38 PM,752120.76
380,Myrtle Tinson,mtinsonaj@com.com,여,11/18/2019,4/14/2020,2:33 AM,272259.81
384,Josee Fallon,jfallonan@usda.gov,여,6/2/2019,3/31/2020,6:45 AM,558155.14
386,Pollyanna Lantaph,plantaphap@theguardian.com,여,10/1/2019,3/17/2020,12:23 PM,719114.31
390,Caritta Eggerton,ceggertonat@yellowbook.com,여,6/9/2019,5/12/2020,4:43 AM,512045.21
391,Angelique MacTrustey,amactrusteyau@kickstarter.com,여,8/20/2019,4/22/2020,9:14 PM,122401.64
392,Pamella Thying,pthyingav@msu.edu,여,12/2/2019,2/1/2020,12:08 AM,892354.25
393,Marcille Brunner,mbrunneraw@hatena.ne.jp,여,10/28/2019,5/3/2020,1:17 AM,474181.64
397,Elisha Lougheid,elougheidb0@addthis.com,여,10/4/2019,4/9/2020,10:29 PM,6894.78
398,Kessia Websdale,kwebsdaleb1@wiley.com,여,10/18/2019,3/30/2020,2:40 AM,652527.80
399,Felice Beedle,fbeedleb2@nytimes.com,여,12/27/2019,2/7/2020,8:43 AM,83343.19
405,Rosemary McClifferty,rmccliffertyb8@youtu.be,여,8/9/2019,5/13/2020,4:12 PM,924231.29
408,Estrella Shilstone,eshilstonebb@wired.com,여,8/9/2019,4/25/2020,5:31 PM,170881.12
411,Mickie Parrott,mparrottbe@cisco.com,여,8/11/2019,1/26/2020,1:55 AM,352265.16
412,Celene Terran,cterranbf@shutterfly.com,여,5/18/2019,4/26/2020,8:50 AM,744326.04
413,Glynda Malter,gmalterbg@mit.edu,여,11/15/2019,2/3/2020,8:25 PM,301725.38
414,Carilyn Waterworth,cwaterworthbh@hao123.com,여,7/2/2019,4/14/2020,6:25 PM,988852.88
415,Rosalynd Bonnell,rbonnellbi@google.nl,여,8/1/2019,4/11/2020,12:15 AM,862413.62
419,Gisela Vlach,gvlachbm@auda.org.au,여,9/27/2019,1/13/2020,11:07 AM,841137.88
421,Allyson Puleque,apulequebo@omniture.com,여,8/4/2019,1/26/2020,11:49 AM,165781.66
422,Carlin Angliss,canglissbp@amazon.com,여,6/16/2019,2/22/2020,1:07 PM,362070.99
425,Xaviera Lind,xlindbs@economist.com,여,12/4/2019,5/13/2020,3:00 AM,613058.32
426,Rosanne Portwaine,rportwainebt@europa.eu,여,6/30/2019,3/25/2020,8:42 PM,360598.45
428,Sheilakathryn Leaf,sleafbv@free.fr,여,6/11/2019,3/7/2020,4:26 PM,650358.97
429,Harmony Lepper,hlepperbw@mysql.com,여,6/11/2019,4/28/2020,6:26 PM,743326.54
431,Gerri Ortes,gortesby@sbwire.com,여,8/21/2019,2/3/2020,6:19 PM,884174.63
434,Kylila Newark,knewarkc1@wikipedia.org,여,6/4/2019,2/4/2020,10:02 AM,907820.22
438,Maryjane Maddick,mmaddickc5@vistaprint.com,여,8/11/2019,1/22/2020,2:58 PM,780428.81
440,Fred Bottrill,fbottrillc7@privacy.gov.au,여,6/21/2019,4/1/2020,10:34 PM,391888.09
442,Hetty Pes,hpesc9@trellian.com,여,10/2/2019,4/26/2020,11:46 AM,319737.03
443,Aigneis Barok,abarokca@utexas.edu,여,10/27/2019,2/21/2020,3:46 AM,398891.95
444,Anica Coan,acoancb@eventbrite.com,여,12/17/2019,3/8/2020,6:54 AM,798450.75
446,Rosalia Allicock,rallicockcd@google.com,여,5/29/2019,3/6/2020,1:52 AM,811341.63
448,Kassi Schapiro,kschapirocf@google.pl,여,5/14/2019,2/1/2020,6:38 AM,859557.10
453,Enriqueta Gudgeon,egudgeonck@instagram.com,여,12/4/2019,1/16/2020,5:05 PM,515720.81
454,Alanah Bellini,abellinicl@netscape.com,여,11/15/2019,1/16/2020,2:30 PM,850566.62
455,Melisande Vanyashkin,mvanyashkincm@e-recht24.de,여,11/9/2019,1/29/2020,6:28 PM,97907.37
457,Marrissa Batiste,mbatisteco@sitemeter.com,여,11/16/2019,5/6/2020,12:42 PM,977266.81
458,Dorine Reddecliffe,dreddecliffecp@list-manage.com,여,11/29/2019,2/24/2020,2:50 PM,13061.79
461,Geralda Kemster,gkemstercs@hugedomains.com,여,11/9/2019,2/13/2020,11:26 AM,579206.70
462,Tiphanie Freer,tfreerct@digg.com,여,6/18/2019,5/7/2020,1:43 PM,544651.85
463,Constancy Heinemann,cheinemanncu@gov.uk,여,8/22/2019,2/24/2020,6:15 AM,642729.98
464,Christen Dranfield,cdranfieldcv@buzzfeed.com,여,12/22/2019,4/16/2020,6:57 AM,601656.67
466,Brandie Giraudat,bgiraudatcx@chron.com,여,5/6/2019,4/1/2020,5:28 AM,355930.86
468,Manda Seppey,mseppeycz@indiegogo.com,여,6/15/2019,4/16/2020,2:20 AM,892952.18
469,Sharon Dover,sdoverd0@wired.com,여,5/20/2019,3/30/2020,2:05 AM,688661.59
474,Terrie Gillson,tgillsond5@virginia.edu,여,5/17/2019,3/13/2020,8:10 AM,140691.72
475,Guillemette Mathe,gmathed6@ustream.tv,여,12/22/2019,2/19/2020,8:53 AM,559556.47
476,Mavis Le Marchand,mlemarchandd7@cloudflare.com,여,10/2/2019,5/6/2020,11:46 PM,638528.93
479,Nancy Muzzlewhite,nmuzzlewhiteda@dot.gov,여,8/3/2019,4/1/2020,11:35 AM,169658.73
480,Sylvia Woollacott,swoollacottdb@chicagotribune.com,여,6/12/2019,2/29/2020,11:13 AM,164875.06
481,Zaneta Shay,zshaydc@netscape.com,여,10/11/2019,3/23/2020,10:39 PM,566269.65
483,Nerty Chasson,nchassonde@desdev.cn,여,8/26/2019,1/22/2020,5:20 PM,244470.56
484,Charisse Gouldthorp,cgouldthorpdf@cloudflare.com,여,8/30/2019,2/21/2020,3:02 AM,688738.52
489,Alex Tallboy,atallboydk@yolasite.com,여,8/24/2019,4/3/2020,10:19 AM,70128.16
490,Maire Keddie,mkeddiedl@cnn.com,여,6/2/2019,4/18/2020,1:19 AM,926764.59
492,Kassey Elliston,kellistondn@zdnet.com,여,6/12/2019,2/6/2020,6:47 AM,828912.12
493,Angel Gorgler,agorglerdo@domainmarket.com,여,8/27/2019,1/19/2020,5:42 AM,829177.57
495,Kamillah Grube,kgrubedq@microsoft.com,여,6/4/2019,3/14/2020,4:00 AM,466532.81
497,Deeanne Calcraft,dcalcraftds@yolasite.com,여,7/3/2019,1/24/2020,3:30 PM,958433.97
499,Estrellita Dodsley,edodsleydu@jigsy.com,여,5/7/2019,4/1/2020,1:17 PM,778585.37
503,Dorri Pauly,dpaulydy@wordpress.com,여,11/10/2019,4/2/2020,4:23 AM,489939.37
504,Louella Smoth,lsmothdz@jugem.jp,여,6/29/2019,4/19/2020,4:50 AM,812705.57
505,Bobine Fagan,bfagane0@npr.org,여,7/10/2019,4/20/2020,11:27 PM,236533.59
506,Enrika Yakobowitz,eyakobowitze1@msu.edu,여,10/5/2019,2/19/2020,3:15 PM,825091.16
508,Winna Banes,wbanese3@cam.ac.uk,여,10/27/2019,4/18/2020,11:54 AM,69977.13
509,Fleur Lodo,flodoe4@army.mil,여,6/20/2019,4/10/2020,9:55 AM,400449.76
512,Marleen Westfalen,mwestfalene7@fastcompany.com,여,12/19/2019,1/16/2020,5:33 AM,444414.58
514,Terri Craker,tcrakere9@bravesites.com,여,8/22/2019,4/28/2020,11:32 AM,554149.48
517,Darsie Beames,dbeamesec@flickr.com,여,8/19/2019,2/16/2020,9:10 AM,790168.13
519,Allissa Macak,amacakee@cafepress.com,여,8/28/2019,4/7/2020,4:07 AM,800054.32
521,Dorella Millins,dmillinseg@networksolutions.com,여,9/12/2019,2/10/2020,11:14 PM,164923.05
522,Darla Winsborrow,dwinsborroweh@chicagotribune.com,여,6/6/2019,3/14/2020,9:48 AM,815222.57
524,Clementia Vynall,cvynallej@exblog.jp,여,6/23/2019,2/4/2020,4:40 AM,137279.18
525,Pavia Garry,pgarryek@t.co,여,11/16/2019,4/22/2020,7:14 PM,427590.48
527,Erinn Norvell,enorvellem@behance.net,여,11/15/2019,3/7/2020,11:22 PM,347622.98
528,Lyndel Kareman,lkaremanen@github.com,여,11/26/2019,4/8/2020,2:08 AM,158523.70
530,Harmonie Dow,hdowep@nba.com,여,10/17/2019,5/13/2020,9:29 AM,399518.70
534,Jasmina Karadzas,jkaradzaset@unc.edu,여,7/2/2019,2/29/2020,3:15 AM,580222.30
535,Darby Massie,dmassieeu@facebook.com,여,12/25/2019,5/4/2020,2:00 PM,983494.84
538,Ray Ambroix,rambroixex@google.pl,여,12/11/2019,3/2/2020,7:01 PM,526747.84
544,Jennee Yeend,jyeendf3@npr.org,여,10/16/2019,3/31/2020,2:18 AM,788963.36
546,Dollie de Marco,ddemarcof5@ucoz.com,여,8/24/2019,4/17/2020,6:47 PM,748097.12
548,Etta Spaughton,espaughtonf7@indiatimes.com,여,10/13/2019,2/15/2020,4:33 PM,769035.86
551,Lizzie Jandac,ljandacfa@storify.com,여,6/22/2019,2/3/2020,2:38 PM,380314.36
553,Maxy Brandel,mbrandelfc@elpais.com,여,10/14/2019,2/20/2020,10:42 AM,374945.74
555,Dorella Karolovsky,dkarolovskyfe@devhub.com,여,8/19/2019,5/8/2020,8:47 PM,418369.88
557,Marje Friedlos,mfriedlosfg@irs.gov,여,9/7/2019,2/24/2020,10:08 PM,280360.51
560,Bobbi O'Fallone,bofallonefj@latimes.com,여,9/17/2019,4/3/2020,3:31 AM,849879.44
561,Gloria Bamlett,gbamlettfk@telegraph.co.uk,여,8/27/2019,4/24/2020,8:28 PM,637739.90
563,Tiffany Spraberry,tspraberryfm@soup.io,여,5/7/2019,3/13/2020,1:33 PM,297421.15
564,Lorrie Bohlmann,lbohlmannfn@gizmodo.com,여,5/17/2019,4/24/2020,6:51 AM,588531.83
568,Jo Facey,jfaceyfr@miitbeian.gov.cn,여,7/10/2019,2/22/2020,6:24 AM,925916.29
569,Sibyl Grimoldby,sgrimoldbyfs@cargocollective.com,여,6/6/2019,1/4/2020,8:50 AM,855074.68
570,Tawsha Kobsch,tkobschft@princeton.edu,여,10/12/2019,1/20/2020,9:13 AM,397860.88
572,Karin Moultrie,kmoultriefv@php.net,여,12/16/2019,4/21/2020,2:46 PM,567479.82
573,Kristal Farnaby,kfarnabyfw@bbb.org,여,7/2/2019,4/25/2020,3:54 AM,277472.15
574,Jaynell Giorgietto,jgiorgiettofx@arizona.edu,여,8/12/2019,1/19/2020,9:39 PM,880734.74
575,Justine Peealess,jpeealessfy@timesonline.co.uk,여,7/25/2019,1/15/2020,9:09 PM,718760.64
576,Toinette Griss,tgrissfz@amazon.de,여,9/19/2019,2/17/2020,12:21 PM,536143.63
577,Rhodie Glanders,rglandersg0@nature.com,여,5/21/2019,2/25/2020,1:07 AM,464773.75
579,Ulrika Tunnick,utunnickg2@networkadvertising.org,여,6/24/2019,4/9/2020,10:11 AM,42516.16
580,Joni Gerriet,jgerrietg3@homestead.com,여,9/20/2019,3/31/2020,7:28 PM,938397.35
582,Sheilah Shrubb,sshrubbg5@parallels.com,여,7/28/2019,5/11/2020,2:58 PM,752456.69
583,Pippa Mutch,pmutchg6@umich.edu,여,5/28/2019,2/22/2020,2:52 AM,246050.90
586,Trula Poller,tpollerg9@businessinsider.com,여,7/11/2019,2/7/2020,12:34 PM,63136.69
588,Ajay Ding,adinggb@nhs.uk,여,5/15/2019,5/1/2020,3:02 PM,293792.30
589,Siouxie Golda,sgoldagc@goo.gl,여,12/28/2019,3/4/2020,2:46 AM,644391.41
592,Eadith Walas,ewalasgf@foxnews.com,여,10/25/2019,4/16/2020,5:00 AM,727814.76
593,Kristy Petigrew,kpetigrewgg@npr.org,여,10/22/2019,3/1/2020,4:25 AM,3171.03
596,Devi Konke,dkonkegj@tripadvisor.com,여,10/7/2019,2/13/2020,9:00 PM,977996.94
597,Renata Bilbrey,rbilbreygk@wikipedia.org,여,11/28/2019,1/9/2020,7:19 AM,512915.12
598,Nadya Aberdalgy,naberdalgygl@twitpic.com,여,12/1/2019,1/15/2020,2:11 PM,750692.28
600,Aigneis Gillis,agillisgn@pagesperso-orange.fr,여,7/9/2019,3/3/2020,11:40 AM,839044.39
605,Trudi Copestick,tcopestickgs@tamu.edu,여,10/16/2019,2/26/2020,2:14 PM,708753.39
606,Patti Hunsworth,phunsworthgt@dedecms.com,여,6/5/2019,4/21/2020,4:13 PM,548409.17
608,Elladine Lipprose,elipprosegv@deviantart.com,여,11/14/2019,4/22/2020,5:20 AM,663874.01
611,Mair Wherton,mwhertongy@theatlantic.com,여,12/28/2019,3/14/2020,9:05 AM,46931.91
612,Janina Heibl,jheiblgz@cloudflare.com,여,8/24/2019,3/14/2020,9:35 AM,610713.22
615,Maggee Doers,mdoersh2@google.ca,여,9/11/2019,5/7/2020,8:17 PM,727411.98
617,Bliss Stobbes,bstobbesh4@yellowbook.com,여,12/6/2019,2/3/2020,10:56 PM,509767.27
618,Tobye Golledge,tgolledgeh5@4shared.com,여,6/2/2019,2/4/2020,5:19 PM,467640.65
619,Estel Alexsandrovich,ealexsandrovichh6@privacy.gov.au,여,6/4/2019,5/10/2020,12:45 AM,45796.70
620,Christel Thomsson,cthomssonh7@ted.com,여,6/20/2019,4/23/2020,1:24 AM,814433.95
624,Mella Brecken,mbreckenhb@unblog.fr,여,10/9/2019,2/21/2020,12:13 PM,865189.64
625,Dore Spyer,dspyerhc@newyorker.com,여,8/1/2019,4/9/2020,12:55 AM,941825.79
627,Kristien Benediktovich,kbenediktovichhe@sun.com,여,6/27/2019,2/15/2020,6:07 AM,580495.76
629,Rea Tubby,rtubbyhg@tinyurl.com,여,9/5/2019,1/31/2020,8:53 AM,13639.32
630,Sibilla Wallis,swallishh@ed.gov,여,5/17/2019,1/8/2020,1:58 PM,82147.20
631,Timothea Sperling,tsperlinghi@clickbank.net,여,6/12/2019,4/12/2020,9:39 AM,681948.68
633,Torie Potteridge,tpotteridgehk@webnode.com,여,6/11/2019,3/18/2020,11:10 PM,263721.77
634,Chrystal Crewther,ccrewtherhl@shareasale.com,여,12/17/2019,4/17/2020,1:37 PM,782607.43
637,Ruthie Rubica,rrubicaho@weebly.com,여,8/2/2019,1/20/2020,6:58 AM,56764.60
638,Angelica Bravery,abraveryhp@yahoo.co.jp,여,10/12/2019,1/16/2020,1:48 AM,2409.70
639,Georgeanna Shead,gsheadhq@etsy.com,여,5/5/2019,4/2/2020,6:33 PM,398285.84
640,Kandy Dedon,kdedonhr@earthlink.net,여,6/9/2019,4/15/2020,12:48 PM,264077.35
641,Bryn Marusik,bmarusikhs@abc.net.au,여,7/16/2019,3/17/2020,6:08 PM,964181.84
645,Gert Van Rembrandt,gvanrembrandthw@ted.com,여,11/6/2019,2/2/2020,7:40 PM,193705.89
648,Tory Cunnah,tcunnahhz@google.fr,여,8/8/2019,4/17/2020,7:00 AM,800539.47
650,Sallyanne MacKilroe,smackilroei1@fda.gov,여,9/15/2019,1/7/2020,5:48 AM,77508.15
655,Korie Loader,kloaderi6@baidu.com,여,6/10/2019,1/14/2020,2:09 AM,102050.46
656,Theadora Sabberton,tsabbertoni7@accuweather.com,여,6/3/2019,2/1/2020,7:25 AM,769029.38
657,Ardene Purry,apurryi8@mit.edu,여,12/3/2019,4/30/2020,11:02 AM,831816.23
663,Melitta Lashford,mlashfordie@cornell.edu,여,5/9/2019,4/23/2020,12:28 PM,679513.55
666,Hortense Widdall,hwiddallih@deviantart.com,여,6/18/2019,3/19/2020,9:21 PM,337975.16
669,Darryl Edgerton,dedgertonik@1688.com,여,7/14/2019,4/30/2020,3:31 PM,81511.95
670,Carmina Sprouls,csproulsil@netvibes.com,여,9/13/2019,3/2/2020,1:47 AM,219987.21
673,Correy Taudevin,ctaudevinio@businesswire.com,여,12/20/2019,4/20/2020,3:36 AM,226518.40
675,Doretta Rhodes,drhodesiq@phpbb.com,여,9/29/2019,2/16/2020,5:13 AM,865256.94
676,Martina Mixworthy,mmixworthyir@ebay.com,여,12/15/2019,3/18/2020,7:24 PM,749543.78
678,Verile Revington,vrevingtonit@ning.com,여,6/2/2019,3/23/2020,12:13 PM,466100.70
681,Geri Jolland,gjollandiw@sakura.ne.jp,여,12/14/2019,1/7/2020,4:28 PM,920897.42
682,Lillis Juszkiewicz,ljuszkiewiczix@ehow.com,여,9/7/2019,2/29/2020,7:54 PM,526532.27
685,Alexi Dohmann,adohmannj0@mapquest.com,여,11/22/2019,2/7/2020,1:34 AM,16362.97
686,Kira Colbert,kcolbertj1@statcounter.com,여,11/5/2019,5/12/2020,2:56 AM,149957.83
687,Clarice Goom,cgoomj2@shutterfly.com,여,11/18/2019,3/24/2020,10:39 AM,947467.57
688,Rosalind Kubelka,rkubelkaj3@studiopress.com,여,10/12/2019,3/20/2020,4:29 AM,548413.59
690,Gates Syson,gsysonj5@nasa.gov,여,6/6/2019,4/29/2020,5:06 PM,167184.99
694,Jacquie Laudham,jlaudhamj9@cargocollective.com,여,6/2/2019,1/14/2020,3:25 PM,922099.77
695,Nara Biddlecombe,nbiddlecombeja@taobao.com,여,5/30/2019,5/11/2020,9:16 AM,862122.52
697,Marcelia Standbrook,mstandbrookjc@about.me,여,6/25/2019,4/24/2020,10:20 AM,469011.74
699,Amandie Milsom,amilsomje@usa.gov,여,12/7/2019,1/21/2020,11:01 PM,861340.56
702,Shannen Stoile,sstoilejh@altervista.org,여,5/4/2019,4/23/2020,6:24 AM,776472.15
706,Katee Wye,kwyejl@vinaora.com,여,10/19/2019,4/2/2020,1:44 PM,958385.89
707,Lianne Tal,ltaljm@surveymonkey.com,여,7/25/2019,2/18/2020,4:17 PM,976365.88
710,Sharla Macauley,smacauleyjp@prlog.org,여,7/3/2019,3/9/2020,4:04 AM,262305.57
711,Janka O'Fearguise,jofearguisejq@bloomberg.com,여,5/24/2019,3/17/2020,7:30 PM,786884.23
715,Lory Schoales,lschoalesju@ibm.com,여,5/21/2019,4/12/2020,11:43 PM,854275.80
718,Sean Harvatt,sharvattjx@people.com.cn,여,11/27/2019,2/16/2020,2:14 PM,553949.75
720,Maitilde Petruszka,mpetruszkajz@spotify.com,여,10/22/2019,3/31/2020,3:18 AM,162603.75
721,Fara Fills,ffillsk0@mit.edu,여,6/12/2019,1/20/2020,3:58 PM,437579.44
722,Delila Stanluck,dstanluckk1@ox.ac.uk,여,5/20/2019,4/18/2020,10:15 AM,14461.23
723,Emily Ablewhite,eablewhitek2@constantcontact.com,여,7/2/2019,3/20/2020,1:54 AM,220798.83
726,Teresa Montague,tmontaguek5@360.cn,여,10/13/2019,1/27/2020,4:43 AM,675827.67
727,Jacklyn Bouldstridge,jbouldstridgek6@vinaora.com,여,8/27/2019,4/22/2020,12:14 PM,728954.86
728,Tedda Dohms,tdohmsk7@etsy.com,여,6/27/2019,4/8/2020,8:14 PM,757433.45
729,Adoree Gillean,agilleank8@odnoklassniki.ru,여,8/19/2019,4/24/2020,10:03 PM,564827.84
731,Crista Luigi,cluigika@google.com.hk,여,11/14/2019,1/5/2020,9:24 PM,280329.42
733,Anette Fernely,afernelykc@merriam-webster.com,여,12/14/2019,1/25/2020,9:04 PM,895641.50
734,Carola Jewster,cjewsterkd@oracle.com,여,8/3/2019,1/1/2020,12:02 AM,568075.55
735,Arlette Folder,afolderke@dot.gov,여,8/14/2019,2/22/2020,4:17 AM,270771.45
737,Rosabella Bowser,rbowserkg@theglobeandmail.com,여,5/28/2019,1/28/2020,12:46 AM,134036.86
738,Roxanna Bortoluzzi,rbortoluzzikh@pcworld.com,여,11/21/2019,4/22/2020,6:25 PM,62540.36
741,Norrie McCrossan,nmccrossankk@unesco.org,여,7/24/2019,4/18/2020,7:11 PM,518381.45
742,Rebe Chorley,rchorleykl@facebook.com,여,9/25/2019,3/1/2020,9:27 AM,709648.68
743,Melessa Imms,mimmskm@google.com.br,여,7/30/2019,1/13/2020,6:38 AM,876340.13
744,Elayne Chalfont,echalfontkn@dion.ne.jp,여,7/12/2019,4/6/2020,7:37 PM,419580.21
748,Clari Gunner,cgunnerkr@sphinn.com,여,12/9/2019,2/25/2020,6:13 PM,896019.26
749,Livvyy McCurrie,lmccurrieks@feedburner.com,여,10/10/2019,3/23/2020,11:05 PM,555481.38
751,Lanni Minshull,lminshullku@kickstarter.com,여,11/23/2019,3/21/2020,10:25 PM,88000.26
752,Caitrin Favey,cfaveykv@eepurl.com,여,6/15/2019,1/30/2020,1:36 AM,178079.30
753,Germaine Jiri,gjirikw@sitemeter.com,여,8/17/2019,4/8/2020,8:41 AM,53236.67
754,Courtnay Raftery,crafterykx@youku.com,여,11/5/2019,3/2/2020,8:46 PM,275363.88
758,Krissy Cathee,kcatheel1@wordpress.com,여,5/27/2019,2/16/2020,6:44 AM,909606.35
762,Andriette Botwright,abotwrightl5@berkeley.edu,여,5/20/2019,2/16/2020,7:17 AM,353767.62
770,Felicia Perkis,fperkisld@delicious.com,여,8/15/2019,2/2/2020,1:37 PM,197277.80
771,Cleo Gallacher,cgallacherle@shinystat.com,여,12/14/2019,2/25/2020,4:18 AM,362618.72
775,Britteny MacIntyre,bmacintyreli@wired.com,여,9/21/2019,4/23/2020,8:33 PM,781696.66
777,Celle Dimbylow,cdimbylowlk@tripadvisor.com,여,5/8/2019,1/24/2020,10:50 AM,516729.00
778,Ruthe Walenta,rwalentall@techcrunch.com,여,7/24/2019,1/9/2020,11:11 PM,427553.20
780,Josselyn Rycroft,jrycroftln@usda.gov,여,8/17/2019,2/19/2020,4:10 PM,913694.17
783,Felisha Krop,fkroplq@digg.com,여,9/29/2019,5/9/2020,12:26 AM,367870.96
784,Dacey Duffit,dduffitlr@digg.com,여,10/11/2019,4/1/2020,11:22 PM,711191.25
785,Agretha Templeman,atemplemanls@csmonitor.com,여,12/23/2019,2/28/2020,6:38 AM,888999.49
786,Winifred Daniello,wdaniellolt@w3.org,여,5/9/2019,1/7/2020,7:16 AM,212489.60
788,Desiri Wearing,dwearinglv@liveinternet.ru,여,8/8/2019,4/8/2020,7:15 PM,830530.17
791,Glennie Heatly,gheatlyly@comsenz.com,여,9/20/2019,2/24/2020,11:36 AM,915254.59
792,Laurel Marrington,lmarringtonlz@wordpress.com,여,10/18/2019,4/17/2020,3:54 AM,399947.12
794,Corrine Hallowell,challowellm1@smugmug.com,여,11/3/2019,5/8/2020,9:38 AM,971820.56
798,Leona Kinch,lkinchm5@biglobe.ne.jp,여,12/27/2019,1/20/2020,7:40 PM,623300.41
800,Aurelea Boig,aboigm7@dot.gov,여,5/13/2019,4/6/2020,4:29 AM,91055.77
802,Alfie Delph,adelphm9@weather.com,여,12/26/2019,4/3/2020,12:07 AM,431173.90
806,Jyoti Belson,jbelsonmd@netlog.com,여,11/8/2019,3/7/2020,2:44 AM,567764.08
807,Emyle Phillip,ephillipme@vk.com,여,5/22/2019,1/10/2020,8:04 AM,368278.91
808,Dori Ourry,dourrymf@plala.or.jp,여,11/27/2019,1/7/2020,10:20 AM,651401.74
809,Sherilyn Leagas,sleagasmg@virginia.edu,여,8/1/2019,4/17/2020,3:53 AM,66382.09
810,Ethelin Hyder,ehydermh@latimes.com,여,7/2/2019,2/22/2020,11:40 PM,157945.62
815,Mandie Crallan,mcrallanmm@fema.gov,여,11/16/2019,2/1/2020,8:54 AM,447282.00
822,Lilyan MacAnelley,lmacanelleymt@smh.com.au,여,11/12/2019,1/1/2020,1:36 PM,972302.82
824,Brier Wakelam,bwakelammv@over-blog.com,여,5/16/2019,2/21/2020,1:33 PM,8748.76
825,Kiri Solan,ksolanmw@bluehost.com,여,9/2/2019,1/8/2020,5:02 PM,265895.06
828,Avie Woodhouse,awoodhousemz@delicious.com,여,12/15/2019,4/19/2020,2:31 PM,215916.76
829,Lynnea Hansell,lhanselln0@booking.com,여,7/14/2019,2/26/2020,7:33 PM,783414.55
837,Queenie Duester,qduestern8@shinystat.com,여,6/24/2019,3/4/2020,3:24 PM,963593.66
838,Gipsy Bramley,gbramleyn9@chronoengine.com,여,9/26/2019,3/1/2020,4:59 PM,516214.09
841,Jenny Kenwyn,jkenwynnc@bloomberg.com,여,11/6/2019,1/2/2020,11:53 AM,325599.21
842,Linette Androli,landrolind@shop-pro.jp,여,10/31/2019,5/1/2020,5:05 PM,133543.45
845,Tansy Goundrill,tgoundrillng@dot.gov,여,7/7/2019,4/29/2020,11:45 PM,169463.50
846,Lizabeth Geaney,lgeaneynh@issuu.com,여,10/25/2019,4/8/2020,2:10 AM,645671.79
847,Natala O'Day,nodayni@shinystat.com,여,5/24/2019,2/24/2020,10:32 PM,385142.36
848,Caye Halcro,chalcronj@gov.uk,여,10/29/2019,4/28/2020,11:16 PM,641421.01
849,Kalli M'Quhan,kmquhannk@yellowpages.com,여,10/14/2019,1/21/2020,5:58 AM,572799.80
851,Alethea Slowley,aslowleynm@reference.com,여,10/7/2019,3/9/2020,5:49 PM,705026.76
852,Quinn Monelli,qmonellinn@w3.org,여,11/10/2019,2/19/2020,10:14 PM,173461.28
854,Kristel Vasilchikov,kvasilchikovnp@ustream.tv,여,10/16/2019,2/1/2020,2:55 AM,755311.96
858,Zsazsa Dowyer,zdowyernt@yale.edu,여,8/13/2019,3/11/2020,2:51 AM,498402.91
859,Jacquenette Charters,jchartersnu@amazon.co.jp,여,10/22/2019,3/10/2020,12:12 PM,650422.40
860,Josy Sickert,jsickertnv@istockphoto.com,여,8/20/2019,4/10/2020,9:20 AM,740035.35
861,Wynnie Merriday,wmerridaynw@cyberchimps.com,여,12/3/2019,1/21/2020,4:55 PM,85631.88
862,Bellanca Warret,bwarretnx@salon.com,여,11/30/2019,3/4/2020,5:15 AM,155466.73
864,Ardra Brockie,abrockienz@chronoengine.com,여,11/20/2019,2/11/2020,6:45 PM,597698.23
865,Sibeal Georgeot,sgeorgeoto0@cpanel.net,여,8/26/2019,1/8/2020,10:20 AM,785886.94
866,Noellyn Steffans,nsteffanso1@shutterfly.com,여,11/5/2019,4/26/2020,2:25 PM,956192.50
867,Kora Saenz,ksaenzo2@state.gov,여,6/22/2019,3/2/2020,4:59 AM,259109.49
868,Lolly Vonasek,lvonaseko3@google.fr,여,8/14/2019,2/26/2020,1:39 PM,463812.09
871,Nedi Sly,nslyo6@blogs.com,여,5/25/2019,1/19/2020,5:19 AM,163784.95
872,Leoine Barthel,lbarthelo7@ted.com,여,12/6/2019,1/3/2020,3:29 PM,591917.42
876,Kim Fairfoull,kfairfoullob@gov.uk,여,8/27/2019,2/24/2020,6:53 AM,922051.58
877,Roze Divver,rdivveroc@rakuten.co.jp,여,9/3/2019,5/6/2020,4:10 PM,976648.81
880,Calli Prozescky,cprozesckyof@ebay.co.uk,여,7/15/2019,4/4/2020,12:27 AM,769978.68
881,Bella Matchett,bmatchettog@google.nl,여,10/9/2019,1/5/2020,3:12 AM,579948.61
882,Andrea McMylor,amcmyloroh@wordpress.com,여,7/13/2019,2/16/2020,6:06 PM,737942.66
884,Bibby Ousley,bousleyoj@admin.ch,여,10/11/2019,5/9/2020,2:29 PM,133300.83
885,Brandie Crockley,bcrockleyok@de.vu,여,9/10/2019,1/31/2020,4:32 AM,154570.96
888,Rubina Dungee,rdungeeon@mozilla.org,여,11/15/2019,2/28/2020,7:44 AM,691023.59
891,Yolanthe Golt,ygoltoq@artisteer.com,여,10/5/2019,4/28/2020,4:01 PM,397448.11
892,Roobbie Brimicombe,rbrimicombeor@soup.io,여,6/15/2019,1/30/2020,9:53 PM,483440.62
894,Melisse Pidgeon,mpidgeonot@oakley.com,여,12/12/2019,3/3/2020,2:30 AM,73920.46
896,Kay Tregensoe,ktregensoeov@topsy.com,여,11/24/2019,3/22/2020,9:40 PM,792687.66
902,Jeniffer Goodricke,jgoodrickep1@twitter.com,여,9/2/2019,5/9/2020,5:59 PM,7216.03
903,Zenia Eadie,zeadiep2@stumbleupon.com,여,7/19/2019,1/29/2020,3:05 AM,556612.67
904,Valerie Boykett,vboykettp3@admin.ch,여,12/21/2019,3/27/2020,3:46 AM,636113.95
907,Annmarie Lightbourne,alightbournep6@sciencedaily.com,여,5/13/2019,1/23/2020,2:14 AM,275528.49
908,Roda Rickis,rrickisp7@go.com,여,10/9/2019,1/20/2020,3:46 AM,478141.63
911,Clara Yablsley,cyablsleypa@comsenz.com,여,5/15/2019,1/3/2020,2:20 PM,489660.11
912,Kathy Golton,kgoltonpb@163.com,여,5/7/2019,2/12/2020,12:44 PM,754404.16
913,Melicent Fitchen,mfitchenpc@bloglines.com,여,5/5/2019,3/16/2020,5:51 AM,410924.64
914,Celine Sapauton,csapautonpd@so-net.ne.jp,여,7/31/2019,3/30/2020,5:25 PM,371516.03
915,Katya Greer,kgreerpe@cdbaby.com,여,8/13/2019,2/22/2020,5:41 AM,134436.04
918,Sharia Hambrick,shambrickph@miitbeian.gov.cn,여,10/24/2019,2/27/2020,6:44 PM,909887.61
921,Jacki Stebbings,jstebbingspk@microsoft.com,여,8/21/2019,4/6/2020,2:33 PM,697400.84
924,Jaquelin Wace,jwacepn@people.com.cn,여,7/22/2019,1/24/2020,4:30 AM,133387.40
928,Bernardina Robbings,brobbingspr@vk.com,여,9/17/2019,4/18/2020,9:49 PM,71276.20
929,Amye Lebarree,alebarreeps@ycombinator.com,여,6/25/2019,2/22/2020,7:22 AM,685703.34
930,Minta Fuentez,mfuentezpt@ucsd.edu,여,11/18/2019,4/27/2020,9:36 PM,905438.97
934,Tawsha Jacobovitz,tjacobovitzpx@youtu.be,여,10/31/2019,5/6/2020,12:01 AM,812753.47
936,Kimberlee Lowndesbrough,klowndesbroughpz@sohu.com,여,8/22/2019,2/20/2020,6:42 AM,122146.36
939,Stormie Letherbury,sletherburyq2@amazon.de,여,12/5/2019,4/28/2020,1:24 PM,860531.44
940,Dalenna Samworth,dsamworthq3@washingtonpost.com,여,10/12/2019,1/30/2020,10:37 AM,374690.67
941,Jobey McKeating,jmckeatingq4@cbsnews.com,여,10/28/2019,5/13/2020,5:06 PM,458755.69
943,Iolanthe Tabbernor,itabbernorq6@i2i.jp,여,7/22/2019,1/17/2020,7:48 PM,311497.31
944,Caressa Philipeaux,cphilipeauxq7@people.com.cn,여,6/14/2019,4/15/2020,4:50 AM,878579.98
945,Eugenia Mityashin,emityashinq8@google.co.uk,여,8/8/2019,5/3/2020,3:40 AM,604465.32
946,Carlita Bartzen,cbartzenq9@theatlantic.com,여,5/5/2019,3/24/2020,6:05 PM,150378.56
948,Inga MacNish,imacnishqb@deviantart.com,여,8/29/2019,2/13/2020,11:13 PM,398973.32
949,Clari Dedrick,cdedrickqc@adobe.com,여,7/7/2019,3/7/2020,6:53 AM,535499.91
954,Cheslie Cooley,ccooleyqh@sitemeter.com,여,7/29/2019,2/6/2020,9:38 PM,257535.12
955,Danyelle Datte,ddatteqi@surveymonkey.com,여,7/2/2019,1/12/2020,9:32 AM,839435.15
956,Cordie Callingham,ccallinghamqj@youtu.be,여,12/25/2019,4/30/2020,6:03 AM,533248.89
959,Barry Scinelli,bscinelliqm@yellowpages.com,여,10/20/2019,2/28/2020,1:52 AM,846508.66
962,Kiri Vanin,kvaninqp@pbs.org,여,6/26/2019,4/26/2020,1:43 AM,427276.87
964,Winnah Brasier,wbrasierqr@geocities.com,여,5/14/2019,4/30/2020,12:38 PM,974690.94
966,Geralda Solland,gsollandqt@uiuc.edu,여,6/20/2019,5/8/2020,8:47 AM,42587.72
968,Winny Martinon,wmartinonqv@umich.edu,여,8/3/2019,3/14/2020,8:07 AM,116726.98
969,Brook Attiwill,battiwillqw@paginegialle.it,여,7/12/2019,5/5/2020,5:55 AM,44675.02
971,Leticia Franscioni,lfranscioniqy@nymag.com,여,8/2/2019,4/30/2020,11:53 PM,418229.93
973,Elisa Milleton,emilletonr0@globo.com,여,8/8/2019,2/1/2020,6:48 AM,906184.32
974,Mireille Lydster,mlydsterr1@answers.com,여,7/22/2019,2/5/2020,8:36 AM,381706.87
975,Blinni Suggate,bsuggater2@unblog.fr,여,11/21/2019,1/8/2020,12:59 AM,95421.07
977,Henrieta Deverock,hdeverockr4@myspace.com,여,6/21/2019,5/7/2020,3:57 PM,961422.81
978,Wanids Sackes,wsackesr5@statcounter.com,여,8/13/2019,1/23/2020,3:25 PM,652732.10
983,Marla Libreros,mlibrerosra@go.com,여,7/28/2019,2/27/2020,12:07 AM,570192.09
986,Junette Efford,jeffordrd@mail.ru,여,5/19/2019,1/26/2020,1:46 PM,860752.70
991,Amandy Faivre,afaivreri@opensource.org,여,10/7/2019,1/17/2020,12:01 PM,830112.92
993,Cassondra Wand,cwandrk@cbslocal.com,여,8/18/2019,2/11/2020,11:08 PM,178796.76
994,Georgena Barkaway,gbarkawayrl@altervista.org,여,11/12/2019,4/20/2020,8:54 AM,18328.29
996,Roz Minnis,rminnisrn@fda.gov,여,8/2/2019,3/10/2020,9:00 PM,123941.14
997,Shanda Liddicoat,sliddicoatro@buzzfeed.com,여,8/13/2019,4/19/2020,6:21 AM,607313.95
999,Verene Bodycombe,vbodycomberq@parallels.com,여,11/12/2019,1/25/2020,8:24 AM,783475.54
1000,Sonja Bluett,sbluettrr@goo.gl,여,12/20/2019,3/3/2020,12:40 PM,49901.19
