id,first_name,last_name,email,gender,signup_date,last_login_date,last_login_time,point
1,Murry,Caldron,mcaldron0@drupal.org,Male,8/3/2019,5/6/2020,5:47 PM,832454.21
2,Kenn,Shovelin,kshovelin1@economist.com,Male,12/1/2019,2/4/2020,12:10 PM,465175.82
3,Nettle,Hearne,nhearne2@mozilla.com,Female,5/27/2019,5/2/2020,4:36 AM,503492.35
4,Baxie,Dupoy,bdupoy3@i2i.jp,Male,10/23/2019,1/21/2020,8:35 AM,988514.69
5,Regen,Oxby,roxby4@instagram.com,Male,12/16/2019,2/15/2020,7:35 PM,87008.22
6,Derrik,Hainey`,dhainey5@usa.gov,Male,12/25/2019,1/14/2020,8:49 AM,294530.12
7,Emelina,Heyns,eheyns6@surveymonkey.com,Female,10/15/2019,2/3/2020,11:26 PM,29884.46
8,Truman,Flarity,tflarity7@gizmodo.com,Male,11/24/2019,3/20/2020,11:29 AM,705962.13
9,Arlyn,Chrisp,achrisp8@miitbeian.gov.cn,Female,7/14/2019,2/11/2020,11:43 PM,845565.88
10,North,Taft,ntaft9@lulu.com,Male,8/31/2019,1/3/2020,3:41 PM,214288.23
11,Flynn,Brugden,fbrugdena@yellowbook.com,Male,7/8/2019,2/12/2020,9:53 PM,804681.71
12,Wendall,Scolland,wscollandb@techcrunch.com,Male,8/12/2019,3/28/2020,2:59 PM,268507.49
13,Alis,Gianetti,agianettic@github.io,Female,7/31/2019,4/5/2020,8:35 AM,888427.11
14,Katey,Sedgmond,ksedgmondd@mtv.com,Female,11/3/2019,4/3/2020,6:33 AM,251550.95
15,Jemmy,Cabotto,jcabottoe@patch.com,Female,6/7/2019,5/6/2020,11:17 PM,869445.12
16,Chryste,Heppenspall,cheppenspallf@tripadvisor.com,Female,12/20/2019,1/3/2020,7:10 PM,553837.19
17,Karola,Clarabut,kclarabutg@latimes.com,Female,6/19/2019,2/18/2020,3:41 PM,488177.64
18,Jessalin,Leak,jleakh@reddit.com,Female,11/13/2019,1/3/2020,7:09 AM,649775.74
19,Bruis,Schott,bschotti@behance.net,Male,12/8/2019,1/12/2020,5:50 PM,824199.97
20,Dukie,Schruur,dschruurj@addthis.com,Male,8/28/2019,4/27/2020,9:02 AM,500388.93
21,Betsy,Clelland,bclellandk@dropbox.com,Female,9/18/2019,5/1/2020,6:34 AM,587592.75
22,Silvan,Verty,svertyl@nymag.com,Male,7/17/2019,5/9/2020,5:10 PM,759651.01
23,Audrye,Pesak,apesakm@fotki.com,Female,8/14/2019,4/30/2020,5:13 PM,808058.89
24,Catie,Adin,cadinn@ucoz.com,Female,7/25/2019,1/29/2020,9:33 PM,70646.22
25,Markos,Kelle,mkelleo@freewebs.com,Male,10/12/2019,3/3/2020,1:01 PM,909323.19
26,Bryce,Enrdigo,benrdigop@scientificamerican.com,Male,11/1/2019,2/2/2020,3:45 PM,428088.87
27,Leonardo,Kenworthey,lkenwortheyq@people.com.cn,Male,7/13/2019,3/6/2020,1:48 PM,195622.71
28,Millisent,Gavrieli,mgavrielir@cmu.edu,Female,11/18/2019,2/22/2020,2:24 PM,122547.10
29,Phillida,Larchiere,plarchieres@ebay.co.uk,Female,5/2/2019,1/23/2020,4:49 PM,193727.10
30,Drucill,Marchetti,dmarchettit@statcounter.com,Female,12/7/2019,4/11/2020,8:05 PM,70720.37
31,Kata,Handke,khandkeu@php.net,Female,5/3/2019,1/16/2020,12:27 AM,137807.41
32,Rick,Echallie,rechalliev@qq.com,Male,12/2/2019,1/10/2020,2:18 PM,389981.57
33,Dee,Vaun,dvaunw@umich.edu,Female,6/13/2019,5/8/2020,12:28 PM,762245.74
34,Rance,Keuntje,rkeuntjex@amazon.de,Male,8/6/2019,3/27/2020,10:56 AM,991811.91
35,Bail,Hoolaghan,bhoolaghany@wordpress.com,Male,7/17/2019,4/20/2020,6:32 AM,220489.77
36,Linoel,Savatier,lsavatierz@scribd.com,Male,12/17/2019,4/21/2020,9:17 AM,785270.58
37,Hymie,Hairsnape,hhairsnape10@google.pl,Male,7/20/2019,4/15/2020,8:22 AM,922158.37
38,Rycca,Charnick,rcharnick11@cdc.gov,Female,9/15/2019,4/23/2020,2:24 PM,316514.85
39,Carmine,Catonne,ccatonne12@sciencedaily.com,Male,8/18/2019,1/8/2020,9:35 PM,444076.23
40,Tara,Grebbin,tgrebbin13@boston.com,Female,5/5/2019,1/24/2020,2:08 PM,510761.19
41,Tiffi,Di Lucia,tdilucia14@example.com,Female,7/20/2019,1/2/2020,5:12 AM,294630.01
42,Robinetta,Nares,rnares15@mapquest.com,Female,6/22/2019,2/22/2020,10:39 PM,457461.65
43,D'arcy,Strelitzki,dstrelitzki16@is.gd,Male,6/4/2019,3/15/2020,10:54 AM,855503.23
44,Lee,Linkleter,llinkleter17@admin.ch,Female,11/21/2019,3/13/2020,3:00 PM,709005.49
45,Ivie,Longthorne,ilongthorne18@telegraph.co.uk,Female,6/13/2019,4/5/2020,12:31 AM,873205.56
46,Loralee,Huckster,lhuckster19@google.es,Female,10/11/2019,3/7/2020,1:23 AM,172141.91
47,Ambros,MacDirmid,amacdirmid1a@irs.gov,Male,10/3/2019,4/28/2020,8:20 AM,660218.54
48,Marilyn,Mohammad,mmohammad1b@ftc.gov,Female,12/28/2019,3/6/2020,3:12 PM,428447.14
49,Steward,Grunnell,sgrunnell1c@sohu.com,Male,6/3/2019,2/10/2020,5:49 AM,961473.63
50,Dari,Von Der Empten,dvonderempten1d@edublogs.org,Female,5/21/2019,1/16/2020,9:49 AM,805434.38
51,Tabb,Klimuk,tklimuk1e@squarespace.com,Male,9/22/2019,4/17/2020,12:56 AM,83628.79
52,Fredi,Lydiard,flydiard1f@ted.com,Female,12/13/2019,3/17/2020,8:58 AM,123926.33
53,Bancroft,Legerton,blegerton1g@sciencedaily.com,Male,8/8/2019,4/6/2020,4:35 AM,570760.45
54,Ingeborg,Couper,icouper1h@issuu.com,Female,5/18/2019,5/7/2020,5:15 AM,32574.11
55,Randa,McCague,rmccague1i@adobe.com,Female,9/14/2019,3/10/2020,3:25 AM,510330.36
56,Niles,Youthed,nyouthed1j@unc.edu,Male,7/1/2019,3/25/2020,5:30 PM,386859.60
57,Sauveur,Christmas,schristmas1k@booking.com,Male,6/15/2019,4/21/2020,3:53 PM,709799.52
58,Keen,Coe,kcoe1l@xing.com,Male,12/23/2019,2/25/2020,6:10 PM,404336.69
59,Seward,Mozzetti,smozzetti1m@marriott.com,Male,8/26/2019,4/14/2020,4:37 AM,820436.99
60,Parry,Spadotto,pspadotto1n@ucsd.edu,Male,5/13/2019,3/1/2020,10:42 AM,54771.91
61,Sid,Aldred,saldred1o@home.pl,Male,9/11/2019,1/20/2020,9:43 PM,297121.26
62,Harold,Kensett,hkensett1p@ibm.com,Male,6/1/2019,1/27/2020,10:53 PM,742125.28
63,Florella,Balog,fbalog1q@dyndns.org,Female,9/5/2019,2/19/2020,11:46 AM,411515.82
64,Aloysius,Mordin,amordin1r@so-net.ne.jp,Male,11/13/2019,4/7/2020,4:48 AM,686299.02
65,Sascha,Whitter,swhitter1s@europa.eu,Female,5/30/2019,1/22/2020,2:25 PM,608586.97
66,Gwenny,Oakenfall,goakenfall1t@gnu.org,Female,10/14/2019,2/23/2020,8:13 AM,561951.50
67,Judie,Bottrill,jbottrill1u@japanpost.jp,Female,7/7/2019,4/17/2020,4:27 PM,155985.58
68,Clayborn,Scopham,cscopham1v@slashdot.org,Male,11/1/2019,2/15/2020,7:04 PM,561700.94
69,Hamish,Storah,hstorah1w@rediff.com,Male,5/3/2019,4/11/2020,8:27 AM,273195.34
70,Noelle,Lackemann,nlackemann1x@creativecommons.org,Female,7/23/2019,2/16/2020,12:30 PM,221450.70
71,Christie,Aggett,caggett1y@bbb.org,Male,7/16/2019,4/16/2020,8:41 PM,929371.97
72,Mercedes,Mowday,mmowday1z@tiny.cc,Female,10/16/2019,2/14/2020,3:10 PM,273050.59
73,Ted,McFall,tmcfall20@apple.com,Female,10/28/2019,2/12/2020,12:09 AM,572148.55
74,Amby,Voak,avoak21@unesco.org,Male,8/8/2019,2/29/2020,5:38 AM,104818.23
75,Gonzales,Aloigi,galoigi22@java.com,Male,6/11/2019,1/26/2020,4:46 PM,847757.33
76,Erastus,Cocksedge,ecocksedge23@phoca.cz,Male,9/21/2019,1/9/2020,3:32 PM,50508.95
77,Peyton,Grafton,pgrafton24@furl.net,Male,11/21/2019,2/6/2020,5:18 PM,876585.04
78,Luz,Foy,lfoy25@pen.io,Female,10/14/2019,3/17/2020,5:46 AM,219000.50
79,Isacco,Lester,ilester26@yahoo.com,Male,8/4/2019,3/12/2020,6:16 PM,177198.43
80,Augusto,Cranney,acranney27@myspace.com,Male,10/23/2019,5/11/2020,3:49 PM,457874.01
81,Genevra,Pilfold,gpilfold28@sogou.com,Female,6/2/2019,4/8/2020,6:17 AM,312933.39
82,Ernestus,Deave,edeave29@gmpg.org,Male,5/22/2019,1/8/2020,11:57 PM,196509.71
83,Gregory,Mattimoe,gmattimoe2a@smugmug.com,Male,12/27/2019,4/27/2020,4:19 AM,582915.74
84,Nance,Armit,narmit2b@state.gov,Female,7/16/2019,2/20/2020,3:26 AM,349570.64
85,Elizabet,Stacy,estacy2c@chronoengine.com,Female,12/30/2019,1/29/2020,2:22 AM,261459.24
86,Noellyn,Ziem,nziem2d@samsung.com,Female,6/20/2019,3/28/2020,11:01 AM,657688.59
87,Odetta,Daintry,odaintry2e@princeton.edu,Female,7/15/2019,4/26/2020,8:29 PM,565375.72
88,Madeleine,Lackie,mlackie2f@salon.com,Female,11/12/2019,5/1/2020,5:07 AM,661189.64
89,Baxy,Dornin,bdornin2g@chicagotribune.com,Male,5/9/2019,1/20/2020,2:34 PM,443963.11
90,Jillana,Auston,jauston2h@ucsd.edu,Female,7/20/2019,4/21/2020,10:48 PM,862584.51
91,Babita,Raitie,braitie2i@nymag.com,Female,8/8/2019,1/28/2020,2:25 PM,648601.37
92,Ephrayim,Simpkiss,esimpkiss2j@china.com.cn,Male,8/8/2019,1/6/2020,2:03 PM,918480.06
93,Kissiah,Clubley,kclubley2k@tuttocitta.it,Female,12/30/2019,5/8/2020,2:22 PM,578830.51
94,Claudie,Jellicorse,cjellicorse2l@blogspot.com,Female,10/11/2019,1/9/2020,1:36 PM,40775.21
95,Bart,Watkiss,bwatkiss2m@behance.net,Male,5/31/2019,3/5/2020,1:19 PM,489795.65
96,Chad,O' Hogan,cohogan2n@wired.com,Female,11/29/2019,1/20/2020,9:10 PM,323329.00
97,Stewart,Geaveny,sgeaveny2o@accuweather.com,Male,12/26/2019,4/26/2020,2:57 PM,970278.07
98,Cassie,Quiddinton,cquiddinton2p@simplemachines.org,Female,12/17/2019,1/30/2020,3:03 AM,207638.83
99,Rosamond,Seville,rseville2q@alibaba.com,Female,7/26/2019,3/7/2020,3:35 AM,211147.83
100,Roby,Pindar,rpindar2r@wikispaces.com,Female,11/20/2019,2/17/2020,1:39 AM,739543.76
101,Reube,FitzGibbon,rfitzgibbon2s@shutterfly.com,Male,12/27/2019,4/22/2020,12:53 PM,142311.29
102,Orlando,Wardesworth,owardesworth2t@foxnews.com,Male,5/14/2019,4/20/2020,2:51 AM,169382.28
103,Drusi,Patnelli,dpatnelli2u@goodreads.com,Female,7/24/2019,4/11/2020,2:59 PM,989449.05
104,Larine,Jovey,ljovey2v@tripod.com,Female,6/24/2019,2/9/2020,8:33 AM,29335.75
105,Briano,Lasseter,blasseter2w@histats.com,Male,8/30/2019,5/11/2020,4:20 AM,945472.11
106,Elvera,McBeth,emcbeth2x@smugmug.com,Female,7/27/2019,2/4/2020,10:04 AM,814095.86
107,Stormy,Haggis,shaggis2y@nifty.com,Female,11/25/2019,3/23/2020,3:09 PM,510516.51
108,Berty,Saunton,bsaunton2z@flickr.com,Male,5/23/2019,1/11/2020,9:16 AM,661941.91
109,Antonin,Riditch,ariditch30@joomla.org,Male,8/30/2019,1/26/2020,6:04 AM,59892.64
110,Henrieta,Mousby,hmousby31@blinklist.com,Female,12/14/2019,2/17/2020,8:25 AM,496045.41
111,Vaughn,Dickons,vdickons32@google.com.hk,Male,12/30/2019,5/6/2020,2:08 PM,440137.25
112,Ingram,Colgan,icolgan33@yolasite.com,Male,10/27/2019,3/24/2020,8:10 PM,567705.77
113,Axel,Lashley,alashley34@shinystat.com,Male,7/20/2019,3/30/2020,7:54 PM,527456.60
114,Bill,Bodham,bbodham35@nsw.gov.au,Male,11/10/2019,3/8/2020,6:52 PM,818742.88
115,Paton,Lacheze,placheze36@mozilla.org,Male,5/2/2019,1/25/2020,3:56 PM,304521.31
116,Everard,Liger,eliger37@odnoklassniki.ru,Male,5/20/2019,2/6/2020,12:04 PM,514025.66
117,Vladimir,Look,vlook38@abc.net.au,Male,7/15/2019,1/11/2020,3:46 PM,145016.41
118,Lisle,Stacy,lstacy39@earthlink.net,Male,7/28/2019,1/2/2020,9:25 PM,786422.20
119,Glenn,Belcham,gbelcham3a@alibaba.com,Male,9/22/2019,4/22/2020,9:35 PM,830430.79
120,Kerk,Plenderleith,kplenderleith3b@skyrock.com,Male,7/2/2019,2/6/2020,2:54 PM,331490.38
121,Cris,Dawbury,cdawbury3c@utexas.edu,Male,5/27/2019,4/7/2020,11:42 PM,741118.09
122,Nettie,Busek,nbusek3d@taobao.com,Female,11/13/2019,3/1/2020,6:05 AM,624245.81
123,Orv,Germaine,ogermaine3e@symantec.com,Male,10/31/2019,2/18/2020,1:26 AM,761945.28
124,Valentine,Ricciardello,vricciardello3f@simplemachines.org,Female,10/2/2019,4/23/2020,11:51 AM,901283.54
125,Selma,Itzig,sitzig3g@quantcast.com,Female,11/11/2019,3/25/2020,3:33 PM,934137.02
126,Karina,Scone,kscone3h@telegraph.co.uk,Female,6/21/2019,2/21/2020,10:18 PM,208022.39
127,Micah,Pealing,mpealing3i@msu.edu,Male,10/16/2019,5/8/2020,6:58 AM,678746.36
128,Theressa,Aasaf,taasaf3j@addtoany.com,Female,6/11/2019,1/7/2020,8:04 AM,109693.72
129,Dalli,Reichert,dreichert3k@examiner.com,Male,7/8/2019,4/20/2020,7:33 AM,438665.04
130,Bianca,Yosevitz,byosevitz3l@behance.net,Female,12/30/2019,1/9/2020,5:45 PM,346030.78
131,Christopher,Vearnals,cvearnals3m@redcross.org,Male,6/26/2019,3/26/2020,4:48 AM,849801.00
132,Karney,Tute,ktute3n@last.fm,Male,7/9/2019,3/25/2020,7:36 AM,748724.89
133,Leonanie,Revel,lrevel3o@skyrock.com,Female,10/15/2019,4/12/2020,5:58 AM,232098.97
134,Bryce,Stamps,bstamps3p@adobe.com,Male,12/17/2019,1/8/2020,8:09 AM,299982.27
135,Lucky,MacAnespie,lmacanespie3q@quantcast.com,Female,5/19/2019,5/1/2020,3:01 PM,107247.66
136,Onida,Dilgarno,odilgarno3r@prlog.org,Female,8/6/2019,5/4/2020,9:50 AM,963280.98
137,Violante,De Carteret,vdecarteret3s@discovery.com,Female,12/27/2019,5/4/2020,12:42 AM,777544.43
138,Dominga,Huckle,dhuckle3t@mac.com,Female,8/21/2019,2/9/2020,5:28 AM,302016.70
139,Worden,Mahmood,wmahmood3u@artisteer.com,Male,8/28/2019,1/19/2020,2:56 PM,673149.98
140,Lydie,Crilley,lcrilley3v@ovh.net,Female,6/24/2019,2/23/2020,6:19 PM,162447.22
141,Myles,Pidler,mpidler3w@prlog.org,Male,12/14/2019,4/5/2020,1:27 AM,643427.91
142,Renate,Basek,rbasek3x@wikia.com,Female,5/24/2019,2/8/2020,7:31 PM,30337.21
143,Regen,Scuse,rscuse3y@goodreads.com,Male,10/10/2019,3/3/2020,9:44 AM,390230.72
144,Isidora,Balm,ibalm3z@omniture.com,Female,8/3/2019,1/15/2020,5:45 AM,729244.94
145,Midge,Petrussi,mpetrussi40@delicious.com,Female,9/10/2019,4/28/2020,2:57 PM,499105.04
146,Ross,Dugget,rdugget41@intel.com,Male,9/29/2019,3/20/2020,7:15 AM,945120.75
147,Colet,Meni,cmeni42@samsung.com,Male,12/8/2019,2/2/2020,4:19 AM,743290.50
148,Joachim,Keslake,jkeslake43@reuters.com,Male,7/13/2019,2/19/2020,2:02 AM,360677.93
149,Cort,McGinly,cmcginly44@bloglines.com,Male,5/29/2019,3/30/2020,2:24 PM,104919.92
150,Karlotte,Murkitt,kmurkitt45@blogs.com,Female,8/8/2019,1/28/2020,3:10 AM,769729.80
151,Thomasine,Van't Hoff,tvanthoff46@auda.org.au,Female,11/19/2019,3/18/2020,1:49 AM,752825.40
152,Kayley,Pruvost,kpruvost47@disqus.com,Female,7/7/2019,1/11/2020,7:35 AM,34321.90
153,Lorne,Alishoner,lalishoner48@google.cn,Female,6/15/2019,4/17/2020,5:43 AM,439807.62
154,Genovera,Ruddell,gruddell49@reddit.com,Female,12/18/2019,3/30/2020,12:33 PM,71986.74
155,Ebenezer,Sturch,esturch4a@stumbleupon.com,Male,6/27/2019,4/2/2020,6:49 AM,93358.05
156,Caron,Spaughton,cspaughton4b@ed.gov,Female,12/3/2019,1/7/2020,7:56 PM,9808.98
157,Thane,Hatchard,thatchard4c@exblog.jp,Male,5/7/2019,3/8/2020,10:54 AM,436439.59
158,Osmund,Stangroom,ostangroom4d@bloglovin.com,Male,7/23/2019,3/21/2020,3:18 PM,478509.98
159,Feodor,Binton,fbinton4e@youtu.be,Male,7/7/2019,3/23/2020,7:18 PM,275875.16
160,Des,Warrell,dwarrell4f@home.pl,Male,5/21/2019,2/22/2020,8:46 PM,463287.42
161,Janeen,Laffan,jlaffan4g@pen.io,Female,11/13/2019,5/8/2020,1:42 PM,648332.35
162,Nani,Seeks,nseeks4h@parallels.com,Female,9/23/2019,1/2/2020,12:20 AM,911122.42
163,Kellen,Mompesson,kmompesson4i@hatena.ne.jp,Female,12/25/2019,2/27/2020,4:49 AM,70199.68
164,Tades,Collip,tcollip4j@sciencedirect.com,Male,8/24/2019,2/13/2020,7:57 PM,202815.03
165,Seamus,Rignold,srignold4k@washingtonpost.com,Male,12/23/2019,4/24/2020,12:16 PM,185720.34
166,Eberto,Adamowicz,eadamowicz4l@nydailynews.com,Male,6/23/2019,1/17/2020,5:41 PM,613855.41
167,Ignacius,Meineck,imeineck4m@biglobe.ne.jp,Male,12/25/2019,3/4/2020,1:04 AM,276539.25
168,Reggie,Buchan,rbuchan4n@state.gov,Male,9/19/2019,4/2/2020,2:04 AM,475785.03
169,Zilvia,Teece,zteece4o@buzzfeed.com,Female,10/6/2019,1/22/2020,2:44 AM,329666.50
170,Natty,Losano,nlosano4p@over-blog.com,Male,10/11/2019,5/11/2020,2:45 AM,629614.33
171,Arvie,Joannic,ajoannic4q@wikipedia.org,Male,10/26/2019,2/11/2020,5:58 PM,434.44
172,Denice,Ostridge,dostridge4r@time.com,Female,10/8/2019,3/26/2020,2:29 PM,74386.65
173,Cleopatra,Whymark,cwhymark4s@unblog.fr,Female,10/14/2019,3/1/2020,4:20 AM,758223.23
174,Laird,Adenot,ladenot4t@flickr.com,Male,7/26/2019,5/8/2020,3:14 AM,491205.10
175,Pierson,Greenset,pgreenset4u@xrea.com,Male,7/29/2019,1/19/2020,2:42 AM,443720.69
176,Mara,Parvin,mparvin4v@accuweather.com,Female,8/24/2019,1/9/2020,8:38 PM,336978.79
177,Myriam,Youle,myoule4w@dot.gov,Female,12/12/2019,2/15/2020,7:16 AM,771986.13
178,Wittie,Autie,wautie4x@yahoo.com,Male,10/17/2019,5/4/2020,8:56 PM,434181.28
179,Carver,Drover,cdrover4y@cbc.ca,Male,10/4/2019,3/6/2020,6:43 PM,223820.62
180,Brody,Dunkerley,bdunkerley4z@bandcamp.com,Male,8/29/2019,2/28/2020,9:04 PM,300662.07
181,Felipe,De Stoop,fdestoop50@free.fr,Male,5/28/2019,3/17/2020,9:11 PM,259281.81
182,Bennett,Palister,bpalister51@thetimes.co.uk,Male,6/28/2019,2/12/2020,11:44 PM,128134.81
183,Lavinia,Nowakowski,lnowakowski52@quantcast.com,Female,11/19/2019,2/5/2020,4:56 PM,111126.38
184,Clayborn,Barukh,cbarukh53@baidu.com,Male,8/11/2019,2/15/2020,5:29 PM,178011.09
185,Udale,Tukesby,utukesby54@ovh.net,Male,10/15/2019,1/4/2020,3:21 AM,233042.22
186,Selene,Beaton,sbeaton55@mozilla.org,Female,12/22/2019,1/21/2020,8:24 AM,953186.70
187,Tuck,Besson,tbesson56@addtoany.com,Male,5/14/2019,3/15/2020,9:24 AM,728276.76
188,Ivy,Debnam,idebnam57@wikia.com,Female,10/16/2019,4/26/2020,7:58 AM,633873.25
189,Gillan,Rawes,grawes58@ifeng.com,Female,10/22/2019,5/9/2020,10:21 PM,178977.60
190,Britt,Harfleet,bharfleet59@baidu.com,Male,9/14/2019,1/30/2020,1:37 AM,908223.66
191,Sanderson,Symonds,ssymonds5a@sun.com,Male,9/14/2019,2/27/2020,1:33 AM,979822.10
192,Roosevelt,Huck,rhuck5b@ning.com,Male,12/1/2019,4/23/2020,7:56 AM,916392.53
193,Alfi,Stoodley,astoodley5c@hostgator.com,Female,7/26/2019,2/12/2020,5:29 PM,639595.95
194,Collie,Ainsley,cainsley5d@elegantthemes.com,Female,8/15/2019,1/8/2020,7:10 AM,191053.94
195,Olva,Gowanson,ogowanson5e@ftc.gov,Female,7/28/2019,4/7/2020,11:07 PM,734227.48
196,Clotilda,Rosenstiel,crosenstiel5f@nature.com,Female,8/21/2019,4/21/2020,3:10 AM,864160.86
197,Romonda,Simony,rsimony5g@narod.ru,Female,10/3/2019,5/12/2020,7:03 AM,499799.34
198,Tanner,Fenty,tfenty5h@yolasite.com,Male,9/8/2019,5/10/2020,2:02 PM,656766.35
199,Sigfrid,Bleiman,sbleiman5i@t.co,Male,5/1/2019,1/14/2020,12:49 PM,444604.80
200,Frederik,Tunnicliffe,ftunnicliffe5j@mashable.com,Male,7/7/2019,3/13/2020,2:54 AM,418036.68
201,Aloin,Linton,alinton5k@nymag.com,Male,6/8/2019,1/21/2020,4:15 AM,714163.17
202,Dominica,Wiltshier,dwiltshier5l@redcross.org,Female,6/21/2019,4/18/2020,8:45 AM,436055.24
203,Matty,Scamwell,mscamwell5m@liveinternet.ru,Male,11/23/2019,1/14/2020,9:42 AM,820564.13
204,Malvin,Bentick,mbentick5n@imgur.com,Male,6/12/2019,5/9/2020,6:28 PM,49046.26
205,Stace,Kingshott,skingshott5o@arizona.edu,Female,12/10/2019,4/9/2020,7:40 AM,446643.04
206,Ekaterina,Rollo,erollo5p@oakley.com,Female,9/19/2019,2/4/2020,4:27 AM,159811.37
207,Hanan,Sanches,hsanches5q@people.com.cn,Male,8/31/2019,5/3/2020,10:18 AM,508319.79
208,Oby,Steynor,osteynor5r@com.com,Male,11/22/2019,5/11/2020,7:53 AM,699498.54
209,Shandy,Driver,sdriver5s@sakura.ne.jp,Female,10/5/2019,5/10/2020,12:41 PM,166368.97
210,Jakob,Jocelyn,jjocelyn5t@delicious.com,Male,9/26/2019,2/7/2020,12:14 AM,958673.38
211,Cindra,Ohms,cohms5u@timesonline.co.uk,Female,6/17/2019,4/12/2020,5:51 AM,142480.08
212,Prudence,Hall,phall5v@dropbox.com,Female,9/2/2019,4/7/2020,8:22 PM,27028.92
213,Kermy,Lamswood,klamswood5w@dion.ne.jp,Male,7/19/2019,5/11/2020,5:35 AM,712985.55
214,Korry,Reading,kreading5x@oracle.com,Female,6/13/2019,2/19/2020,10:02 PM,185639.07
215,Ardella,Scowen,ascowen5y@devhub.com,Female,11/13/2019,1/19/2020,4:28 PM,657409.11
216,Northrop,Reach,nreach5z@addthis.com,Male,5/18/2019,4/16/2020,9:44 AM,981453.29
217,Benn,Van Der Vlies,bvandervlies60@flavors.me,Male,7/8/2019,1/9/2020,5:43 PM,308349.14
218,Rudiger,Commucci,rcommucci61@ehow.com,Male,11/13/2019,4/20/2020,5:40 PM,943379.66
219,Ambrosius,Hartshorn,ahartshorn62@ft.com,Male,6/8/2019,4/1/2020,5:11 AM,636980.15
220,Caterina,Pegler,cpegler63@vimeo.com,Female,6/10/2019,3/19/2020,11:41 AM,18916.34
221,Winni,Bearham,wbearham64@theglobeandmail.com,Female,7/3/2019,1/30/2020,8:49 PM,726921.63
222,Josie,McIlwrath,jmcilwrath65@unc.edu,Female,7/13/2019,1/6/2020,11:57 PM,721077.89
223,Brewster,Sangwine,bsangwine66@soup.io,Male,7/15/2019,1/10/2020,9:33 PM,344377.87
224,Hadrian,Tocqueville,htocqueville67@independent.co.uk,Male,7/15/2019,1/24/2020,6:31 AM,331844.01
225,Morie,Fasson,mfasson68@rakuten.co.jp,Male,6/19/2019,2/10/2020,9:36 PM,381452.97
226,Audre,MacGettigen,amacgettigen69@bizjournals.com,Female,12/10/2019,4/7/2020,3:14 AM,340381.35
227,Reagan,Marnane,rmarnane6a@creativecommons.org,Male,11/7/2019,1/23/2020,11:29 AM,72403.48
228,Margarette,Chippendale,mchippendale6b@barnesandnoble.com,Female,6/23/2019,5/9/2020,5:18 PM,118470.89
229,Emma,Puddifer,epuddifer6c@exblog.jp,Female,10/5/2019,1/24/2020,11:27 AM,328553.45
230,Monty,Aland,maland6d@cnet.com,Male,8/9/2019,1/22/2020,2:04 AM,76702.07
231,Bibbie,Wurst,bwurst6e@gov.uk,Female,12/2/2019,4/5/2020,11:44 PM,160775.04
232,Sergio,Endrighi,sendrighi6f@constantcontact.com,Male,5/18/2019,1/27/2020,11:18 AM,610671.60
233,Ivie,Wonham,iwonham6g@mysql.com,Female,10/21/2019,5/5/2020,8:43 PM,845093.03
234,Haley,Forrestor,hforrestor6h@fema.gov,Female,11/3/2019,4/12/2020,3:02 PM,414330.96
235,Allene,Robson,arobson6i@desdev.cn,Female,8/5/2019,2/11/2020,4:09 PM,687399.85
236,Kara,Slaight,kslaight6j@51.la,Female,7/9/2019,5/8/2020,7:37 PM,548641.47
237,Bradney,Northing,bnorthing6k@cdc.gov,Male,8/14/2019,1/30/2020,2:57 AM,191209.19
238,Magdalena,Bampkin,mbampkin6l@barnesandnoble.com,Female,6/30/2019,4/28/2020,3:18 PM,317134.91
239,Rona,Posnett,rposnett6m@yellowbook.com,Female,5/7/2019,5/7/2020,11:33 PM,496814.01
240,Chrysler,Hause,chause6n@creativecommons.org,Female,8/28/2019,4/15/2020,8:58 AM,710863.65
241,Dannie,Meech,dmeech6o@myspace.com,Male,10/18/2019,3/3/2020,9:00 AM,978051.99
242,Livvyy,Speeding,lspeeding6p@who.int,Female,10/31/2019,4/19/2020,7:45 AM,658588.21
243,Kally,Lister,klister6q@clickbank.net,Female,5/15/2019,2/16/2020,10:18 AM,792185.73
244,Jilleen,Swepson,jswepson6r@reddit.com,Female,5/23/2019,3/27/2020,3:06 AM,637510.45
245,Arch,Fynn,afynn6s@hao123.com,Male,9/2/2019,3/30/2020,10:52 AM,382370.13
246,Marcy,Patman,mpatman6t@github.com,Female,8/6/2019,2/16/2020,5:10 PM,658008.68
247,Edi,Everton,eeverton6u@ocn.ne.jp,Female,6/10/2019,4/20/2020,7:00 PM,528537.82
248,Casper,Biggs,cbiggs6v@forbes.com,Male,10/25/2019,3/25/2020,11:18 PM,605336.26
249,Birk,Saffell,bsaffell6w@live.com,Male,7/26/2019,3/19/2020,4:06 AM,122063.55
250,Reggie,Abden,rabden6x@amazonaws.com,Male,11/11/2019,4/19/2020,7:00 AM,464927.56
251,Dolorita,Mockford,dmockford6y@wikipedia.org,Female,6/18/2019,4/10/2020,2:06 AM,627466.61
252,Danella,Learmouth,dlearmouth6z@wsj.com,Female,10/28/2019,4/16/2020,12:15 PM,802065.76
253,Malina,Marchington,mmarchington70@homestead.com,Female,12/21/2019,3/19/2020,6:00 PM,997578.17
254,Demetrius,Walshaw,dwalshaw71@kickstarter.com,Male,6/8/2019,2/10/2020,1:03 PM,457693.51
255,Essy,Lode,elode72@statcounter.com,Female,5/20/2019,1/5/2020,6:34 PM,395365.74
256,Latashia,Pegden,lpegden73@indiegogo.com,Female,11/21/2019,2/22/2020,7:29 PM,496468.17
257,Skylar,Goede,sgoede74@zimbio.com,Male,7/22/2019,2/17/2020,6:27 PM,259240.09
258,Vitia,Ogle,vogle75@arstechnica.com,Female,9/18/2019,4/6/2020,4:26 AM,69306.27
259,Onfre,Walak,owalak76@myspace.com,Male,12/30/2019,2/16/2020,4:47 AM,548790.74
260,Reinold,Nollet,rnollet77@goodreads.com,Male,7/15/2019,3/9/2020,8:52 PM,691828.98
261,Pip,Kovelmann,pkovelmann78@gnu.org,Male,10/28/2019,2/20/2020,11:06 AM,722077.05
262,Mady,Beams,mbeams79@google.com.br,Female,12/13/2019,4/1/2020,6:32 PM,19138.83
263,Gwenny,Goard,ggoard7a@hhs.gov,Female,11/28/2019,4/1/2020,12:52 AM,257895.71
264,Josie,Tumelty,jtumelty7b@kickstarter.com,Female,11/14/2019,2/5/2020,2:15 AM,393674.02
265,Eb,Syce,esyce7c@imdb.com,Male,9/8/2019,1/24/2020,9:12 AM,2116.17
266,Ezra,Barnet,ebarnet7d@ibm.com,Male,8/25/2019,4/26/2020,1:50 PM,253708.11
267,Theadora,Brannon,tbrannon7e@va.gov,Female,8/28/2019,3/31/2020,4:16 PM,445675.92
268,Augustus,McGray,amcgray7f@yelp.com,Male,5/31/2019,5/1/2020,6:33 PM,411470.38
269,Josselyn,Gainsbury,jgainsbury7g@columbia.edu,Female,6/8/2019,4/14/2020,5:46 PM,541736.41
270,Barnaby,Wrenn,bwrenn7h@wisc.edu,Male,8/31/2019,3/29/2020,2:07 AM,789593.36
271,Stanfield,Wynter,swynter7i@ted.com,Male,5/16/2019,2/3/2020,12:28 PM,226902.03
272,Mathew,Nutkin,mnutkin7j@cdc.gov,Male,8/12/2019,2/24/2020,6:45 PM,67111.81
273,Olin,Bradburn,obradburn7k@army.mil,Male,5/2/2019,3/8/2020,1:29 PM,757927.41
274,Bond,Aston,baston7l@mac.com,Male,12/5/2019,2/26/2020,6:08 AM,353326.06
275,Durant,Teague,dteague7m@pbs.org,Male,5/20/2019,2/16/2020,5:54 PM,706614.11
276,Leta,Klimshuk,lklimshuk7n@cyberchimps.com,Female,7/14/2019,4/4/2020,5:40 PM,758118.81
277,Nadia,Mcwhinnie,nmcwhinnie7o@instagram.com,Female,12/9/2019,2/10/2020,5:15 PM,528042.67
278,Arman,Stobo,astobo7p@tinyurl.com,Male,11/22/2019,3/15/2020,4:34 AM,442867.47
279,Antonietta,Casely,acasely7q@wufoo.com,Female,7/8/2019,3/13/2020,8:04 PM,329627.50
280,Adele,Wile,awile7r@ebay.co.uk,Female,7/1/2019,1/11/2020,5:10 PM,534301.74
281,Abelard,Rosin,arosin7s@wp.com,Male,11/13/2019,1/17/2020,8:49 AM,41138.62
282,Westbrook,O' Donohue,wodonohue7t@chronoengine.com,Male,5/12/2019,1/29/2020,2:37 AM,765374.23
283,Nehemiah,Livings,nlivings7u@accuweather.com,Male,7/31/2019,1/11/2020,2:20 PM,317454.65
284,Jeanelle,Bjerkan,jbjerkan7v@wikispaces.com,Female,6/14/2019,5/9/2020,8:54 PM,9943.97
285,Levy,Lecount,llecount7w@altervista.org,Male,5/11/2019,1/27/2020,12:39 AM,870806.43
286,Darcie,Blakeslee,dblakeslee7x@mashable.com,Female,7/7/2019,5/10/2020,2:34 PM,387131.82
287,Harriette,Lockwood,hlockwood7y@tuttocitta.it,Female,12/28/2019,4/17/2020,10:06 PM,70387.13
288,Yorgo,Dobie,ydobie7z@dropbox.com,Male,5/1/2019,1/30/2020,9:23 PM,538262.78
289,Trista,Mourant,tmourant80@go.com,Female,7/20/2019,2/17/2020,11:00 AM,714585.05
290,Elton,Whisker,ewhisker81@tiny.cc,Male,7/21/2019,4/29/2020,8:48 AM,843540.49
291,Eberhard,Ouchterlony,eouchterlony82@ning.com,Male,6/27/2019,2/15/2020,11:29 PM,888732.25
292,Angelo,Brinson,abrinson83@naver.com,Male,12/2/2019,3/19/2020,1:05 AM,234865.08
293,Marga,Bonnefin,mbonnefin84@addtoany.com,Female,9/10/2019,1/1/2020,8:07 PM,231.21
294,Eduino,Rafter,erafter85@last.fm,Male,6/12/2019,1/30/2020,1:25 PM,984056.90
295,Valentino,Kesterton,vkesterton86@dion.ne.jp,Male,12/3/2019,4/21/2020,6:01 AM,187873.67
296,Lisle,Bowdidge,lbowdidge87@upenn.edu,Male,9/15/2019,1/21/2020,9:04 AM,41283.71
297,Kellia,Condell,kcondell88@last.fm,Female,11/18/2019,4/17/2020,11:42 PM,457405.72
298,Randee,Wark,rwark89@seattletimes.com,Female,5/31/2019,1/11/2020,2:26 AM,115013.27
299,Aleece,Brisset,abrisset8a@sina.com.cn,Female,6/6/2019,1/29/2020,7:05 AM,442205.40
300,Moira,Penton,mpenton8b@wired.com,Female,9/9/2019,3/22/2020,11:25 PM,12409.44
301,Linet,Poytres,lpoytres8c@ebay.co.uk,Female,10/30/2019,1/17/2020,12:49 AM,948888.04
302,Peria,Dearlove,pdearlove8d@xinhuanet.com,Female,8/2/2019,3/12/2020,9:30 AM,421326.47
303,Shalne,Frow,sfrow8e@google.co.jp,Female,7/9/2019,5/3/2020,2:08 AM,356328.85
304,Marnia,Goodere,mgoodere8f@disqus.com,Female,6/13/2019,3/10/2020,7:24 AM,290058.43
305,Esteban,Vigus,evigus8g@a8.net,Male,11/2/2019,1/1/2020,11:49 PM,349312.77
306,Huntington,Doll,hdoll8h@vkontakte.ru,Male,10/20/2019,4/5/2020,7:38 AM,446515.00
307,Manfred,Aizlewood,maizlewood8i@dedecms.com,Male,8/23/2019,3/17/2020,8:42 AM,581640.44
308,Herc,Trudgion,htrudgion8j@prlog.org,Male,10/14/2019,2/13/2020,5:05 PM,543562.20
309,Auguste,Elgie,aelgie8k@goo.gl,Female,6/20/2019,4/28/2020,10:07 PM,514823.32
310,Loydie,McGourty,lmcgourty8l@ebay.com,Male,8/24/2019,4/19/2020,4:14 PM,219554.54
311,Ezequiel,Gaylard,egaylard8m@aboutads.info,Male,12/15/2019,3/9/2020,9:47 AM,79384.68
312,Dmitri,Tappington,dtappington8n@behance.net,Male,12/5/2019,1/3/2020,11:07 AM,741667.35
313,Padriac,Tremblet,ptremblet8o@columbia.edu,Male,9/3/2019,2/6/2020,3:13 AM,41172.89
314,Sumner,Iannello,siannello8p@foxnews.com,Male,12/10/2019,4/17/2020,11:31 PM,630816.47
315,Tonie,Martino,tmartino8q@rakuten.co.jp,Female,8/14/2019,1/16/2020,11:09 PM,448131.08
316,Jerry,Skough,jskough8r@soup.io,Male,5/19/2019,1/14/2020,1:54 AM,995559.99
317,Kalil,Attwoul,kattwoul8s@discuz.net,Male,11/22/2019,1/16/2020,4:48 PM,68276.02
318,Gabbi,Lewry,glewry8t@1688.com,Female,8/28/2019,2/13/2020,1:14 AM,419368.19
319,Griffy,Keunemann,gkeunemann8u@squidoo.com,Male,7/8/2019,1/12/2020,10:44 AM,377640.06
320,Noll,Daulton,ndaulton8v@webeden.co.uk,Male,9/24/2019,3/9/2020,5:42 PM,388645.48
321,Meggi,Iacovozzo,miacovozzo8w@cmu.edu,Female,12/24/2019,4/19/2020,2:49 PM,717967.17
322,Ranna,Gentner,rgentner8x@cnet.com,Female,10/22/2019,1/12/2020,6:01 PM,213837.49
323,Keslie,Benediktovich,kbenediktovich8y@prweb.com,Female,12/24/2019,5/5/2020,3:02 AM,56502.07
324,Tann,McNirlan,tmcnirlan8z@zdnet.com,Male,7/15/2019,4/3/2020,3:21 PM,802387.55
325,Susan,Bonn,sbonn90@amazon.co.uk,Female,12/17/2019,2/18/2020,6:36 PM,826745.71
326,Sheree,Le Page,slepage91@ed.gov,Female,11/4/2019,2/7/2020,9:31 PM,949865.08
327,Redford,Loding,rloding92@feedburner.com,Male,8/13/2019,2/21/2020,3:07 AM,546412.85
328,Theodor,Jennery,tjennery93@addthis.com,Male,10/11/2019,3/17/2020,3:05 PM,657737.50
329,Karin,De Hooge,kdehooge94@arizona.edu,Female,11/14/2019,4/23/2020,9:17 AM,909722.46
330,Carleton,Cromblehome,ccromblehome95@bluehost.com,Male,9/11/2019,3/5/2020,2:02 PM,955546.87
331,Melvyn,Ferriere,mferriere96@wikipedia.org,Male,8/20/2019,1/9/2020,3:55 PM,544026.74
332,Ruthie,Witard,rwitard97@4shared.com,Female,8/16/2019,1/1/2020,1:43 AM,219887.15
333,Tyrone,Kopelman,tkopelman98@utexas.edu,Male,11/22/2019,3/26/2020,1:43 PM,614843.83
334,Wenona,Cumber,wcumber99@fastcompany.com,Female,11/22/2019,1/19/2020,7:21 AM,89568.65
335,Tristan,Michelotti,tmichelotti9a@stumbleupon.com,Male,11/19/2019,4/5/2020,9:20 AM,465331.97
336,Ferrell,Paolozzi,fpaolozzi9b@acquirethisname.com,Male,9/25/2019,2/22/2020,10:26 PM,721123.59
337,Carmine,O'Bradane,cobradane9c@toplist.cz,Female,8/25/2019,1/20/2020,12:50 AM,883128.12
338,Ernst,Mosson,emosson9d@t-online.de,Male,7/16/2019,2/29/2020,3:18 PM,578630.02
339,Didi,Blague,dblague9e@goo.gl,Female,6/14/2019,2/1/2020,7:23 AM,184903.06
340,Natalee,Leverette,nleverette9f@fotki.com,Female,8/16/2019,2/16/2020,5:00 PM,971460.95
341,Lief,Treagust,ltreagust9g@berkeley.edu,Male,10/22/2019,3/6/2020,9:10 PM,886062.33
342,Britney,Catcheside,bcatcheside9h@patch.com,Female,7/5/2019,5/3/2020,2:50 AM,495729.76
343,Klarrisa,Burniston,kburniston9i@census.gov,Female,6/3/2019,2/18/2020,5:44 PM,119194.53
344,Laurice,Benitti,lbenitti9j@dailymotion.com,Female,7/6/2019,2/15/2020,1:41 AM,535759.20
345,Adriano,Siverns,asiverns9k@independent.co.uk,Male,10/5/2019,4/12/2020,3:43 AM,125265.40
346,Ines,Rickcord,irickcord9l@cornell.edu,Female,12/24/2019,4/18/2020,12:55 AM,638106.14
347,Kyle,Maureen,kmaureen9m@jiathis.com,Male,10/28/2019,3/3/2020,1:03 AM,907494.13
348,Brennen,Mazzilli,bmazzilli9n@eepurl.com,Male,6/1/2019,3/8/2020,11:52 AM,979529.08
349,Gui,Etches,getches9o@nymag.com,Female,7/16/2019,1/5/2020,4:48 AM,356109.42
350,Saunder,Berryman,sberryman9p@bravesites.com,Male,7/28/2019,2/2/2020,8:02 PM,527393.11
351,Base,Kerwick,bkerwick9q@ning.com,Male,9/11/2019,1/7/2020,4:40 AM,292994.96
352,Fabio,Wyre,fwyre9r@shinystat.com,Male,10/16/2019,1/20/2020,6:18 AM,14890.59
353,Cecelia,Andress,candress9s@xrea.com,Female,10/14/2019,1/15/2020,10:26 AM,867639.66
354,Doy,Wilse,dwilse9t@wikispaces.com,Male,8/27/2019,2/7/2020,2:23 AM,844439.62
355,Chickie,Lozano,clozano9u@example.com,Female,11/13/2019,1/16/2020,2:58 PM,158082.01
356,Ingmar,Shillaker,ishillaker9v@eepurl.com,Male,11/15/2019,3/23/2020,10:01 AM,403698.09
357,Nataline,Maddy,nmaddy9w@hibu.com,Female,8/1/2019,3/21/2020,2:03 AM,614024.05
358,Donella,Escala,descala9x@booking.com,Female,5/6/2019,2/10/2020,9:53 PM,809580.94
359,Betti,Edgeley,bedgeley9y@epa.gov,Female,7/17/2019,4/7/2020,6:21 AM,821385.35
360,Irma,Najafian,inajafian9z@ftc.gov,Female,12/19/2019,3/10/2020,8:17 PM,604281.02
361,Roderich,Forlong,rforlonga0@facebook.com,Male,8/22/2019,5/5/2020,5:02 AM,189850.68
362,Guglielma,Stephen,gstephena1@time.com,Female,10/7/2019,4/22/2020,1:06 PM,44745.97
363,Ronda,Tebald,rtebalda2@instagram.com,Female,5/16/2019,5/10/2020,7:14 AM,22228.45
364,Verney,Tebald,vtebalda3@tiny.cc,Male,7/28/2019,5/2/2020,5:23 AM,585196.81
365,Sigismund,Epgrave,sepgravea4@shutterfly.com,Male,11/4/2019,1/5/2020,11:46 AM,973733.33
366,Cale,Pavlenkov,cpavlenkova5@twitpic.com,Male,10/21/2019,3/30/2020,11:00 PM,50541.66
367,Wildon,Armin,warmina6@addtoany.com,Male,6/12/2019,1/7/2020,8:12 AM,862573.40
368,Matthus,Stobbs,mstobbsa7@clickbank.net,Male,9/9/2019,3/2/2020,7:07 PM,206589.89
369,Armando,Whysall,awhysalla8@mlb.com,Male,7/31/2019,4/14/2020,3:39 AM,616849.76
370,Harman,Elwel,helwela9@toplist.cz,Male,6/27/2019,1/8/2020,4:01 PM,463024.99
371,Royce,D'Adamo,rdadamoaa@deliciousdays.com,Male,11/19/2019,3/17/2020,7:55 AM,662721.68
372,Gretal,Tollmache,gtollmacheab@cargocollective.com,Female,9/25/2019,3/25/2020,8:26 PM,873296.93
373,Dorelia,Blonden,dblondenac@apache.org,Female,6/12/2019,3/14/2020,3:51 AM,329172.71
374,Eugenia,Gamett,egamettad@mapquest.com,Female,5/16/2019,3/3/2020,4:23 PM,968084.70
375,Regan,Lamplugh,rlamplughae@google.nl,Male,12/14/2019,1/16/2020,5:14 PM,140788.08
376,Alvis,Everington,aeveringtonaf@youtube.com,Male,6/29/2019,2/23/2020,4:09 AM,341863.58
377,Maire,Jewess,mjewessag@ezinearticles.com,Female,7/16/2019,3/29/2020,3:04 PM,338529.51
378,Colan,Padmore,cpadmoreah@aol.com,Male,5/9/2019,4/25/2020,11:05 PM,726220.45
379,Ronalda,Detoc,rdetocai@myspace.com,Female,5/16/2019,1/9/2020,9:38 PM,752120.76
380,Myrtle,Tinson,mtinsonaj@com.com,Female,11/18/2019,4/14/2020,2:33 AM,272259.81
381,Brose,Phizakarley,bphizakarleyak@miibeian.gov.cn,Male,11/27/2019,4/2/2020,3:18 PM,332145.48
382,Johnny,Crookston,jcrookstonal@webs.com,Male,11/16/2019,4/1/2020,8:50 AM,135513.86
383,Homerus,Rohan,hrohanam@hhs.gov,Male,6/5/2019,1/19/2020,10:31 AM,499924.94
384,Josee,Fallon,jfallonan@usda.gov,Female,6/2/2019,3/31/2020,6:45 AM,558155.14
385,Kin,Innot,kinnotao@cbslocal.com,Male,11/13/2019,5/9/2020,2:58 PM,1802.99
386,Pollyanna,Lantaph,plantaphap@theguardian.com,Female,10/1/2019,3/17/2020,12:23 PM,719114.31
387,Elnar,Lambot,elambotaq@google.cn,Male,11/19/2019,5/13/2020,2:52 AM,99574.35
388,Yard,Benford,ybenfordar@nsw.gov.au,Male,8/4/2019,3/27/2020,5:45 AM,195308.40
389,Darb,Sonnenschein,dsonnenscheinas@google.com,Male,10/23/2019,1/15/2020,1:07 PM,53039.64
390,Caritta,Eggerton,ceggertonat@yellowbook.com,Female,6/9/2019,5/12/2020,4:43 AM,512045.21
391,Angelique,MacTrustey,amactrusteyau@kickstarter.com,Female,8/20/2019,4/22/2020,9:14 PM,122401.64
392,Pamella,Thying,pthyingav@msu.edu,Female,12/2/2019,2/1/2020,12:08 AM,892354.25
393,Marcille,Brunner,mbrunneraw@hatena.ne.jp,Female,10/28/2019,5/3/2020,1:17 AM,474181.64
394,Ettore,Gunter,egunterax@businessweek.com,Male,7/20/2019,3/20/2020,6:35 AM,591380.42
395,Elijah,Schwerin,eschwerinay@dropbox.com,Male,9/13/2019,3/20/2020,12:07 AM,773420.97
396,Basil,Dand,bdandaz@reuters.com,Male,12/28/2019,1/6/2020,12:41 AM,914166.32
397,Elisha,Lougheid,elougheidb0@addthis.com,Female,10/4/2019,4/9/2020,10:29 PM,6894.78
398,Kessia,Websdale,kwebsdaleb1@wiley.com,Female,10/18/2019,3/30/2020,2:40 AM,652527.80
399,Felice,Beedle,fbeedleb2@nytimes.com,Female,12/27/2019,2/7/2020,8:43 AM,83343.19
400,Hillary,Willcocks,hwillcocksb3@nsw.gov.au,Male,10/20/2019,1/3/2020,5:05 AM,312232.83
401,Lockwood,Pawels,lpawelsb4@pagesperso-orange.fr,Male,7/30/2019,3/6/2020,6:42 PM,64155.79
402,Greg,Goldingay,ggoldingayb5@ameblo.jp,Male,7/10/2019,3/9/2020,8:26 AM,88156.69
403,Ingelbert,Edge,iedgeb6@google.com.br,Male,7/30/2019,5/8/2020,3:35 PM,83415.60
404,Aldric,Kenningham,akenninghamb7@sitemeter.com,Male,6/14/2019,5/2/2020,12:05 PM,141784.64
405,Rosemary,McClifferty,rmccliffertyb8@youtu.be,Female,8/9/2019,5/13/2020,4:12 PM,924231.29
406,Tad,Kingaby,tkingabyb9@patch.com,Male,12/25/2019,4/26/2020,1:59 AM,253508.22
407,Florian,Augur,faugurba@dailymail.co.uk,Male,8/11/2019,3/15/2020,1:08 AM,942575.59
408,Estrella,Shilstone,eshilstonebb@wired.com,Female,8/9/2019,4/25/2020,5:31 PM,170881.12
409,Renard,Beagley,rbeagleybc@businessweek.com,Male,10/8/2019,2/9/2020,6:50 PM,976267.02
410,Spencer,Lightbody,slightbodybd@qq.com,Male,7/18/2019,1/13/2020,2:41 AM,820629.77
411,Mickie,Parrott,mparrottbe@cisco.com,Female,8/11/2019,1/26/2020,1:55 AM,352265.16
412,Celene,Terran,cterranbf@shutterfly.com,Female,5/18/2019,4/26/2020,8:50 AM,744326.04
413,Glynda,Malter,gmalterbg@mit.edu,Female,11/15/2019,2/3/2020,8:25 PM,301725.38
414,Carilyn,Waterworth,cwaterworthbh@hao123.com,Female,7/2/2019,4/14/2020,6:25 PM,988852.88
415,Rosalynd,Bonnell,rbonnellbi@google.nl,Female,8/1/2019,4/11/2020,12:15 AM,862413.62
416,Omar,Yekel,oyekelbj@flavors.me,Male,9/1/2019,1/5/2020,1:15 PM,289841.10
417,Lyell,Waith,lwaithbk@slashdot.org,Male,11/19/2019,4/1/2020,8:11 AM,355115.23
418,Hobey,Stubbington,hstubbingtonbl@gnu.org,Male,12/7/2019,3/11/2020,3:22 AM,423582.04
419,Gisela,Vlach,gvlachbm@auda.org.au,Female,9/27/2019,1/13/2020,11:07 AM,841137.88
420,Artemus,Lydden,alyddenbn@opensource.org,Male,7/23/2019,1/11/2020,6:02 PM,880438.81
421,Allyson,Puleque,apulequebo@omniture.com,Female,8/4/2019,1/26/2020,11:49 AM,165781.66
422,Carlin,Angliss,canglissbp@amazon.com,Female,6/16/2019,2/22/2020,1:07 PM,362070.99
423,Pen,Philipart,pphilipartbq@macromedia.com,Male,11/28/2019,1/21/2020,6:14 AM,626401.54
424,Edd,Maddie,emaddiebr@quantcast.com,Male,7/29/2019,3/2/2020,8:39 AM,28302.24
425,Xaviera,Lind,xlindbs@economist.com,Female,12/4/2019,5/13/2020,3:00 AM,613058.32
426,Rosanne,Portwaine,rportwainebt@europa.eu,Female,6/30/2019,3/25/2020,8:42 PM,360598.45
427,Dannel,Kibby,dkibbybu@issuu.com,Male,12/17/2019,3/14/2020,6:02 AM,235512.03
428,Sheilakathryn,Leaf,sleafbv@free.fr,Female,6/11/2019,3/7/2020,4:26 PM,650358.97
429,Harmony,Lepper,hlepperbw@mysql.com,Female,6/11/2019,4/28/2020,6:26 PM,743326.54
430,Salvatore,Teodorski,steodorskibx@usa.gov,Male,9/2/2019,3/3/2020,6:08 PM,51956.81
431,Gerri,Ortes,gortesby@sbwire.com,Female,8/21/2019,2/3/2020,6:19 PM,884174.63
432,Prentice,Charleston,pcharlestonbz@businesswire.com,Male,12/27/2019,3/30/2020,1:50 AM,900330.57
433,Aleksandr,Metrick,ametrickc0@smugmug.com,Male,5/14/2019,4/21/2020,11:46 PM,734440.56
434,Kylila,Newark,knewarkc1@wikipedia.org,Female,6/4/2019,2/4/2020,10:02 AM,907820.22
435,Blair,Corriea,bcorrieac2@irs.gov,Male,10/25/2019,2/26/2020,11:40 AM,977126.59
436,Hale,Spinozzi,hspinozzic3@epa.gov,Male,11/15/2019,2/10/2020,12:47 AM,505719.62
437,Danny,Heinonen,dheinonenc4@deliciousdays.com,Male,7/30/2019,1/12/2020,8:34 AM,90729.82
438,Maryjane,Maddick,mmaddickc5@vistaprint.com,Female,8/11/2019,1/22/2020,2:58 PM,780428.81
439,Rand,Glazer,rglazerc6@intel.com,Male,8/17/2019,5/4/2020,3:39 AM,787545.05
440,Fred,Bottrill,fbottrillc7@privacy.gov.au,Female,6/21/2019,4/1/2020,10:34 PM,391888.09
441,Clem,Straw,cstrawc8@nhs.uk,Male,12/18/2019,1/23/2020,11:15 PM,582695.44
442,Hetty,Pes,hpesc9@trellian.com,Female,10/2/2019,4/26/2020,11:46 AM,319737.03
443,Aigneis,Barok,abarokca@utexas.edu,Female,10/27/2019,2/21/2020,3:46 AM,398891.95
444,Anica,Coan,acoancb@eventbrite.com,Female,12/17/2019,3/8/2020,6:54 AM,798450.75
445,Rosco,Aim,raimcc@myspace.com,Male,8/7/2019,3/1/2020,3:06 PM,248751.86
446,Rosalia,Allicock,rallicockcd@google.com,Female,5/29/2019,3/6/2020,1:52 AM,811341.63
447,Randall,Goodison,rgoodisonce@fotki.com,Male,11/10/2019,5/8/2020,11:00 PM,694810.59
448,Kassi,Schapiro,kschapirocf@google.pl,Female,5/14/2019,2/1/2020,6:38 AM,859557.10
449,Puff,Randles,prandlescg@mysql.com,Male,5/6/2019,1/22/2020,11:20 PM,692513.18
450,Augustine,Matkin,amatkinch@netlog.com,Male,7/23/2019,1/3/2020,6:21 PM,770825.93
451,Chalmers,Nassi,cnassici@google.cn,Male,11/23/2019,2/12/2020,9:00 PM,859022.83
452,Maximo,Greenslade,mgreensladecj@ucoz.com,Male,7/24/2019,2/22/2020,3:43 AM,973534.99
453,Enriqueta,Gudgeon,egudgeonck@instagram.com,Female,12/4/2019,1/16/2020,5:05 PM,515720.81
454,Alanah,Bellini,abellinicl@netscape.com,Female,11/15/2019,1/16/2020,2:30 PM,850566.62
455,Melisande,Vanyashkin,mvanyashkincm@e-recht24.de,Female,11/9/2019,1/29/2020,6:28 PM,97907.37
456,Hewitt,Straine,hstrainecn@thetimes.co.uk,Male,7/5/2019,4/12/2020,1:22 AM,744137.38
457,Marrissa,Batiste,mbatisteco@sitemeter.com,Female,11/16/2019,5/6/2020,12:42 PM,977266.81
458,Dorine,Reddecliffe,dreddecliffecp@list-manage.com,Female,11/29/2019,2/24/2020,2:50 PM,13061.79
459,Hadrian,MacGoun,hmacgouncq@edublogs.org,Male,7/6/2019,1/23/2020,5:44 PM,792886.34
460,Steward,Haddeston,shaddestoncr@smugmug.com,Male,6/5/2019,2/29/2020,12:17 PM,742228.70
461,Geralda,Kemster,gkemstercs@hugedomains.com,Female,11/9/2019,2/13/2020,11:26 AM,579206.70
462,Tiphanie,Freer,tfreerct@digg.com,Female,6/18/2019,5/7/2020,1:43 PM,544651.85
463,Constancy,Heinemann,cheinemanncu@gov.uk,Female,8/22/2019,2/24/2020,6:15 AM,642729.98
464,Christen,Dranfield,cdranfieldcv@buzzfeed.com,Female,12/22/2019,4/16/2020,6:57 AM,601656.67
465,Roth,Pleasants,rpleasantscw@addthis.com,Male,8/12/2019,5/6/2020,4:52 PM,641382.08
466,Brandie,Giraudat,bgiraudatcx@chron.com,Female,5/6/2019,4/1/2020,5:28 AM,355930.86
467,Darryl,Sams,dsamscy@mashable.com,Male,10/23/2019,3/19/2020,6:44 AM,321985.38
468,Manda,Seppey,mseppeycz@indiegogo.com,Female,6/15/2019,4/16/2020,2:20 AM,892952.18
469,Sharon,Dover,sdoverd0@wired.com,Female,5/20/2019,3/30/2020,2:05 AM,688661.59
470,Jed,Filkin,jfilkind1@usda.gov,Male,6/5/2019,3/12/2020,11:31 AM,609309.33
471,John,Tack,jtackd2@g.co,Male,7/21/2019,4/28/2020,8:48 AM,82448.44
472,Virgie,Moore,vmoored3@gizmodo.com,Male,6/22/2019,1/3/2020,1:32 PM,459929.49
473,Ransom,Maunder,rmaunderd4@google.pl,Male,8/18/2019,1/21/2020,11:09 PM,702711.46
474,Terrie,Gillson,tgillsond5@virginia.edu,Female,5/17/2019,3/13/2020,8:10 AM,140691.72
475,Guillemette,Mathe,gmathed6@ustream.tv,Female,12/22/2019,2/19/2020,8:53 AM,559556.47
476,Mavis,Le Marchand,mlemarchandd7@cloudflare.com,Female,10/2/2019,5/6/2020,11:46 PM,638528.93
477,Bennett,Pilbeam,bpilbeamd8@dedecms.com,Male,12/27/2019,3/10/2020,8:33 PM,300510.11
478,Fabio,Togwell,ftogwelld9@businesswire.com,Male,11/28/2019,4/27/2020,7:06 PM,683191.19
479,Nancy,Muzzlewhite,nmuzzlewhiteda@dot.gov,Female,8/3/2019,4/1/2020,11:35 AM,169658.73
480,Sylvia,Woollacott,swoollacottdb@chicagotribune.com,Female,6/12/2019,2/29/2020,11:13 AM,164875.06
481,Zaneta,Shay,zshaydc@netscape.com,Female,10/11/2019,3/23/2020,10:39 PM,566269.65
482,Salem,Galpen,sgalpendd@wunderground.com,Male,8/14/2019,5/13/2020,9:14 PM,956746.22
483,Nerty,Chasson,nchassonde@desdev.cn,Female,8/26/2019,1/22/2020,5:20 PM,244470.56
484,Charisse,Gouldthorp,cgouldthorpdf@cloudflare.com,Female,8/30/2019,2/21/2020,3:02 AM,688738.52
485,Harp,Lumpkin,hlumpkindg@ebay.co.uk,Male,11/28/2019,1/28/2020,11:13 AM,24449.33
486,Jonah,Donet,jdonetdh@godaddy.com,Male,11/5/2019,4/12/2020,3:41 PM,985776.42
487,Denny,Epgrave,depgravedi@quantcast.com,Male,6/23/2019,1/8/2020,1:37 PM,248530.56
488,Eli,Fendley,efendleydj@over-blog.com,Male,8/8/2019,4/19/2020,2:53 PM,739566.46
489,Alex,Tallboy,atallboydk@yolasite.com,Female,8/24/2019,4/3/2020,10:19 AM,70128.16
490,Maire,Keddie,mkeddiedl@cnn.com,Female,6/2/2019,4/18/2020,1:19 AM,926764.59
491,Ambros,Baldick,abaldickdm@theguardian.com,Male,12/12/2019,3/1/2020,6:46 PM,661176.90
492,Kassey,Elliston,kellistondn@zdnet.com,Female,6/12/2019,2/6/2020,6:47 AM,828912.12
493,Angel,Gorgler,agorglerdo@domainmarket.com,Female,8/27/2019,1/19/2020,5:42 AM,829177.57
494,Rollins,Long,rlongdp@acquirethisname.com,Male,9/29/2019,1/23/2020,3:30 AM,152691.25
495,Kamillah,Grube,kgrubedq@microsoft.com,Female,6/4/2019,3/14/2020,4:00 AM,466532.81
496,Bran,Lawtey,blawteydr@nsw.gov.au,Male,10/1/2019,2/8/2020,10:47 AM,755271.39
497,Deeanne,Calcraft,dcalcraftds@yolasite.com,Female,7/3/2019,1/24/2020,3:30 PM,958433.97
498,Etienne,Petrecz,epetreczdt@samsung.com,Male,8/19/2019,3/17/2020,6:23 AM,635622.52
499,Estrellita,Dodsley,edodsleydu@jigsy.com,Female,5/7/2019,4/1/2020,1:17 PM,778585.37
500,Abel,Crank,acrankdv@digg.com,Male,7/5/2019,4/28/2020,1:54 PM,695222.15
501,Correy,Fake,cfakedw@admin.ch,Male,12/27/2019,3/12/2020,3:27 AM,71713.06
502,Wallache,Goddman,wgoddmandx@theglobeandmail.com,Male,5/31/2019,1/9/2020,3:34 AM,164417.96
503,Dorri,Pauly,dpaulydy@wordpress.com,Female,11/10/2019,4/2/2020,4:23 AM,489939.37
504,Louella,Smoth,lsmothdz@jugem.jp,Female,6/29/2019,4/19/2020,4:50 AM,812705.57
505,Bobine,Fagan,bfagane0@npr.org,Female,7/10/2019,4/20/2020,11:27 PM,236533.59
506,Enrika,Yakobowitz,eyakobowitze1@msu.edu,Female,10/5/2019,2/19/2020,3:15 PM,825091.16
507,Marwin,Tillard,mtillarde2@tinyurl.com,Male,11/28/2019,4/26/2020,6:28 PM,155496.11
508,Winna,Banes,wbanese3@cam.ac.uk,Female,10/27/2019,4/18/2020,11:54 AM,69977.13
509,Fleur,Lodo,flodoe4@army.mil,Female,6/20/2019,4/10/2020,9:55 AM,400449.76
510,Lionel,Mowne,lmownee5@people.com.cn,Male,8/19/2019,3/11/2020,4:49 PM,476473.60
511,Abram,Mansford,amansforde6@oracle.com,Male,11/17/2019,1/2/2020,6:01 PM,955478.03
512,Marleen,Westfalen,mwestfalene7@fastcompany.com,Female,12/19/2019,1/16/2020,5:33 AM,444414.58
513,Darin,Gunnell,dgunnelle8@hc360.com,Male,10/24/2019,3/20/2020,7:14 AM,829437.88
514,Terri,Craker,tcrakere9@bravesites.com,Female,8/22/2019,4/28/2020,11:32 AM,554149.48
515,Jephthah,Dickinson,jdickinsonea@salon.com,Male,6/3/2019,3/24/2020,3:55 AM,842596.44
516,Bernarr,Dmych,bdmycheb@yandex.ru,Male,9/11/2019,1/14/2020,1:46 PM,335240.92
517,Darsie,Beames,dbeamesec@flickr.com,Female,8/19/2019,2/16/2020,9:10 AM,790168.13
518,Finn,Tetther,ftetthered@oaic.gov.au,Male,12/29/2019,5/5/2020,3:17 PM,674776.80
519,Allissa,Macak,amacakee@cafepress.com,Female,8/28/2019,4/7/2020,4:07 AM,800054.32
520,Bret,Brogi,bbrogief@bloomberg.com,Male,6/6/2019,2/23/2020,9:29 AM,691738.28
521,Dorella,Millins,dmillinseg@networksolutions.com,Female,9/12/2019,2/10/2020,11:14 PM,164923.05
522,Darla,Winsborrow,dwinsborroweh@chicagotribune.com,Female,6/6/2019,3/14/2020,9:48 AM,815222.57
523,Nikki,Yorkston,nyorkstonei@about.me,Male,12/23/2019,3/24/2020,6:27 AM,236340.32
524,Clementia,Vynall,cvynallej@exblog.jp,Female,6/23/2019,2/4/2020,4:40 AM,137279.18
525,Pavia,Garry,pgarryek@t.co,Female,11/16/2019,4/22/2020,7:14 PM,427590.48
526,Perice,Vigietti,pvigiettiel@pagesperso-orange.fr,Male,11/1/2019,5/9/2020,1:04 PM,640036.24
527,Erinn,Norvell,enorvellem@behance.net,Female,11/15/2019,3/7/2020,11:22 PM,347622.98
528,Lyndel,Kareman,lkaremanen@github.com,Female,11/26/2019,4/8/2020,2:08 AM,158523.70
529,Darius,Millership,dmillershipeo@ft.com,Male,10/4/2019,1/24/2020,5:08 PM,816929.34
530,Harmonie,Dow,hdowep@nba.com,Female,10/17/2019,5/13/2020,9:29 AM,399518.70
531,Rodolph,Somerset,rsomerseteq@paypal.com,Male,8/22/2019,4/9/2020,5:01 AM,98802.40
532,Duke,Roney,droneyer@ed.gov,Male,8/23/2019,1/8/2020,7:58 PM,467880.56
533,Skye,Somerbell,ssomerbelles@who.int,Male,8/26/2019,4/3/2020,12:21 PM,93449.80
534,Jasmina,Karadzas,jkaradzaset@unc.edu,Female,7/2/2019,2/29/2020,3:15 AM,580222.30
535,Darby,Massie,dmassieeu@facebook.com,Female,12/25/2019,5/4/2020,2:00 PM,983494.84
536,Chickie,Haylor,chaylorev@scientificamerican.com,Male,9/29/2019,4/16/2020,4:41 PM,899649.16
537,Matias,Brudenell,mbrudenellew@feedburner.com,Male,12/22/2019,2/22/2020,2:57 AM,313564.85
538,Ray,Ambroix,rambroixex@google.pl,Female,12/11/2019,3/2/2020,7:01 PM,526747.84
539,Nevile,Neenan,nneenaney@artisteer.com,Male,6/4/2019,2/13/2020,10:24 PM,347457.21
540,Toddie,Sexton,tsextonez@google.co.jp,Male,12/11/2019,2/15/2020,2:02 PM,151830.89
541,Jarib,Howard,jhowardf0@gizmodo.com,Male,6/1/2019,1/6/2020,8:33 PM,219357.40
542,Faber,Haversham,fhavershamf1@yelp.com,Male,5/26/2019,2/3/2020,7:40 PM,509127.11
543,Axel,Poppleton,apoppletonf2@zimbio.com,Male,5/15/2019,1/25/2020,4:10 PM,583882.62
544,Jennee,Yeend,jyeendf3@npr.org,Female,10/16/2019,3/31/2020,2:18 AM,788963.36
545,Wang,Haresign,wharesignf4@facebook.com,Male,7/30/2019,4/6/2020,2:52 AM,856637.69
546,Dollie,de Marco,ddemarcof5@ucoz.com,Female,8/24/2019,4/17/2020,6:47 PM,748097.12
547,Walt,Jobbins,wjobbinsf6@wikipedia.org,Male,12/9/2019,3/9/2020,4:18 AM,941901.33
548,Etta,Spaughton,espaughtonf7@indiatimes.com,Female,10/13/2019,2/15/2020,4:33 PM,769035.86
549,Cordy,Obington,cobingtonf8@tinypic.com,Male,7/2/2019,3/23/2020,7:48 PM,284801.63
550,Ario,Donaway,adonawayf9@is.gd,Male,12/26/2019,2/11/2020,1:50 PM,890950.41
551,Lizzie,Jandac,ljandacfa@storify.com,Female,6/22/2019,2/3/2020,2:38 PM,380314.36
552,Curt,Sweedland,csweedlandfb@earthlink.net,Male,8/24/2019,4/17/2020,10:57 PM,976041.34
553,Maxy,Brandel,mbrandelfc@elpais.com,Female,10/14/2019,2/20/2020,10:42 AM,374945.74
554,Vincenty,Harhoff,vharhofffd@hhs.gov,Male,8/8/2019,2/21/2020,2:11 AM,581871.54
555,Dorella,Karolovsky,dkarolovskyfe@devhub.com,Female,8/19/2019,5/8/2020,8:47 PM,418369.88
556,Ichabod,McIleen,imcileenff@w3.org,Male,7/10/2019,1/15/2020,10:27 AM,515697.99
557,Marje,Friedlos,mfriedlosfg@irs.gov,Female,9/7/2019,2/24/2020,10:08 PM,280360.51
558,Sauveur,Lemary,slemaryfh@fotki.com,Male,8/14/2019,2/27/2020,5:21 AM,394491.78
559,Frants,Humberston,fhumberstonfi@xinhuanet.com,Male,8/15/2019,1/27/2020,10:20 PM,143678.99
560,Bobbi,O'Fallone,bofallonefj@latimes.com,Female,9/17/2019,4/3/2020,3:31 AM,849879.44
561,Gloria,Bamlett,gbamlettfk@telegraph.co.uk,Female,8/27/2019,4/24/2020,8:28 PM,637739.90
562,Edmund,Powis,epowisfl@nature.com,Male,11/27/2019,3/26/2020,6:56 PM,602915.35
563,Tiffany,Spraberry,tspraberryfm@soup.io,Female,5/7/2019,3/13/2020,1:33 PM,297421.15
564,Lorrie,Bohlmann,lbohlmannfn@gizmodo.com,Female,5/17/2019,4/24/2020,6:51 AM,588531.83
565,Jamey,Beechcraft,jbeechcraftfo@ezinearticles.com,Male,7/3/2019,3/11/2020,8:38 PM,88610.97
566,Arlen,Losselyong,alosselyongfp@ca.gov,Male,11/23/2019,4/14/2020,2:24 PM,866224.49
567,Gregoire,Serrell,gserrellfq@auda.org.au,Male,6/15/2019,4/24/2020,11:31 PM,688925.92
568,Jo,Facey,jfaceyfr@miitbeian.gov.cn,Female,7/10/2019,2/22/2020,6:24 AM,925916.29
569,Sibyl,Grimoldby,sgrimoldbyfs@cargocollective.com,Female,6/6/2019,1/4/2020,8:50 AM,855074.68
570,Tawsha,Kobsch,tkobschft@princeton.edu,Female,10/12/2019,1/20/2020,9:13 AM,397860.88
571,Chev,Cargon,ccargonfu@yale.edu,Male,11/8/2019,2/12/2020,2:08 AM,135622.65
572,Karin,Moultrie,kmoultriefv@php.net,Female,12/16/2019,4/21/2020,2:46 PM,567479.82
573,Kristal,Farnaby,kfarnabyfw@bbb.org,Female,7/2/2019,4/25/2020,3:54 AM,277472.15
574,Jaynell,Giorgietto,jgiorgiettofx@arizona.edu,Female,8/12/2019,1/19/2020,9:39 PM,880734.74
575,Justine,Peealess,jpeealessfy@timesonline.co.uk,Female,7/25/2019,1/15/2020,9:09 PM,718760.64
576,Toinette,Griss,tgrissfz@amazon.de,Female,9/19/2019,2/17/2020,12:21 PM,536143.63
577,Rhodie,Glanders,rglandersg0@nature.com,Female,5/21/2019,2/25/2020,1:07 AM,464773.75
578,Henderson,Collumbine,hcollumbineg1@cdc.gov,Male,6/8/2019,3/23/2020,12:28 AM,215251.78
579,Ulrika,Tunnick,utunnickg2@networkadvertising.org,Female,6/24/2019,4/9/2020,10:11 AM,42516.16
580,Joni,Gerriet,jgerrietg3@homestead.com,Female,9/20/2019,3/31/2020,7:28 PM,938397.35
581,Smitty,MacCulloch,smaccullochg4@economist.com,Male,9/9/2019,3/8/2020,5:22 AM,797173.55
582,Sheilah,Shrubb,sshrubbg5@parallels.com,Female,7/28/2019,5/11/2020,2:58 PM,752456.69
583,Pippa,Mutch,pmutchg6@umich.edu,Female,5/28/2019,2/22/2020,2:52 AM,246050.90
584,Anderson,Robilart,arobilartg7@desdev.cn,Male,7/28/2019,3/17/2020,5:18 AM,647917.24
585,Bradford,Matzeitis,bmatzeitisg8@altervista.org,Male,7/5/2019,5/5/2020,10:21 AM,324598.37
586,Trula,Poller,tpollerg9@businessinsider.com,Female,7/11/2019,2/7/2020,12:34 PM,63136.69
587,Ricard,Mundy,rmundyga@theatlantic.com,Male,8/29/2019,4/9/2020,12:48 PM,988920.44
588,Ajay,Ding,adinggb@nhs.uk,Female,5/15/2019,5/1/2020,3:02 PM,293792.30
589,Siouxie,Golda,sgoldagc@goo.gl,Female,12/28/2019,3/4/2020,2:46 AM,644391.41
590,Ahmad,Kinchlea,akinchleagd@sogou.com,Male,5/2/2019,1/1/2020,3:09 PM,744706.41
591,Bo,Benezeit,bbenezeitge@google.co.jp,Male,11/27/2019,1/6/2020,4:20 PM,380525.49
592,Eadith,Walas,ewalasgf@foxnews.com,Female,10/25/2019,4/16/2020,5:00 AM,727814.76
593,Kristy,Petigrew,kpetigrewgg@npr.org,Female,10/22/2019,3/1/2020,4:25 AM,3171.03
594,Irving,Alexandrou,ialexandrough@deviantart.com,Male,6/27/2019,4/3/2020,7:27 PM,705381.96
595,Tabor,Klouz,tklouzgi@friendfeed.com,Male,8/31/2019,1/6/2020,9:50 AM,630370.48
596,Devi,Konke,dkonkegj@tripadvisor.com,Female,10/7/2019,2/13/2020,9:00 PM,977996.94
597,Renata,Bilbrey,rbilbreygk@wikipedia.org,Female,11/28/2019,1/9/2020,7:19 AM,512915.12
598,Nadya,Aberdalgy,naberdalgygl@twitpic.com,Female,12/1/2019,1/15/2020,2:11 PM,750692.28
599,Conney,Titherington,ctitheringtongm@sakura.ne.jp,Male,7/4/2019,2/18/2020,7:20 AM,600030.08
600,Aigneis,Gillis,agillisgn@pagesperso-orange.fr,Female,7/9/2019,3/3/2020,11:40 AM,839044.39
601,Simeon,Kindred,skindredgo@ucoz.ru,Male,6/4/2019,4/6/2020,7:23 PM,702542.13
602,Delmer,Robertsen,drobertsengp@nifty.com,Male,11/1/2019,2/1/2020,1:54 AM,138742.45
603,Durant,Nielson,dnielsongq@washingtonpost.com,Male,7/19/2019,3/21/2020,6:17 AM,163399.93
604,Barri,Tolputt,btolputtgr@is.gd,Male,12/20/2019,2/1/2020,7:56 AM,575556.72
605,Trudi,Copestick,tcopestickgs@tamu.edu,Female,10/16/2019,2/26/2020,2:14 PM,708753.39
606,Patti,Hunsworth,phunsworthgt@dedecms.com,Female,6/5/2019,4/21/2020,4:13 PM,548409.17
607,Ross,Orleton,rorletongu@ft.com,Male,9/1/2019,3/21/2020,12:50 AM,418846.17
608,Elladine,Lipprose,elipprosegv@deviantart.com,Female,11/14/2019,4/22/2020,5:20 AM,663874.01
609,Inglebert,Wonfar,iwonfargw@tripod.com,Male,5/24/2019,2/6/2020,5:29 AM,675579.30
610,Boris,Seston,bsestongx@nationalgeographic.com,Male,10/13/2019,2/2/2020,12:50 AM,27622.27
611,Mair,Wherton,mwhertongy@theatlantic.com,Female,12/28/2019,3/14/2020,9:05 AM,46931.91
612,Janina,Heibl,jheiblgz@cloudflare.com,Female,8/24/2019,3/14/2020,9:35 AM,610713.22
613,Dino,Lammerding,dlammerdingh0@gizmodo.com,Male,5/3/2019,4/21/2020,6:57 PM,441081.71
614,Oswell,Burkinshaw,oburkinshawh1@apache.org,Male,11/1/2019,4/24/2020,7:41 PM,913201.06
615,Maggee,Doers,mdoersh2@google.ca,Female,9/11/2019,5/7/2020,8:17 PM,727411.98
616,Fonzie,Panyer,fpanyerh3@discovery.com,Male,9/19/2019,5/8/2020,6:43 AM,776253.50
617,Bliss,Stobbes,bstobbesh4@yellowbook.com,Female,12/6/2019,2/3/2020,10:56 PM,509767.27
618,Tobye,Golledge,tgolledgeh5@4shared.com,Female,6/2/2019,2/4/2020,5:19 PM,467640.65
619,Estel,Alexsandrovich,ealexsandrovichh6@privacy.gov.au,Female,6/4/2019,5/10/2020,12:45 AM,45796.70
620,Christel,Thomsson,cthomssonh7@ted.com,Female,6/20/2019,4/23/2020,1:24 AM,814433.95
621,Cort,Pasby,cpasbyh8@google.ru,Male,8/27/2019,4/12/2020,3:21 AM,895384.32
622,Tammy,Kleinzweig,tkleinzweigh9@prweb.com,Male,7/31/2019,4/17/2020,6:49 PM,227519.06
623,Lorenzo,Calow,lcalowha@shareasale.com,Male,10/19/2019,1/3/2020,6:18 PM,292173.14
624,Mella,Brecken,mbreckenhb@unblog.fr,Female,10/9/2019,2/21/2020,12:13 PM,865189.64
625,Dore,Spyer,dspyerhc@newyorker.com,Female,8/1/2019,4/9/2020,12:55 AM,941825.79
626,Skip,Benn,sbennhd@princeton.edu,Male,11/6/2019,1/7/2020,11:00 PM,487943.80
627,Kristien,Benediktovich,kbenediktovichhe@sun.com,Female,6/27/2019,2/15/2020,6:07 AM,580495.76
628,Jeddy,Giraldo,jgiraldohf@sbwire.com,Male,12/27/2019,3/8/2020,11:55 AM,458850.57
629,Rea,Tubby,rtubbyhg@tinyurl.com,Female,9/5/2019,1/31/2020,8:53 AM,13639.32
630,Sibilla,Wallis,swallishh@ed.gov,Female,5/17/2019,1/8/2020,1:58 PM,82147.20
631,Timothea,Sperling,tsperlinghi@clickbank.net,Female,6/12/2019,4/12/2020,9:39 AM,681948.68
632,Saw,Glasper,sglasperhj@t.co,Male,11/17/2019,3/15/2020,11:51 AM,22242.23
633,Torie,Potteridge,tpotteridgehk@webnode.com,Female,6/11/2019,3/18/2020,11:10 PM,263721.77
634,Chrystal,Crewther,ccrewtherhl@shareasale.com,Female,12/17/2019,4/17/2020,1:37 PM,782607.43
635,Haily,Lowdyane,hlowdyanehm@mit.edu,Male,8/11/2019,2/20/2020,10:54 AM,254129.07
636,Eldridge,Poulsom,epoulsomhn@cisco.com,Male,12/8/2019,2/24/2020,7:52 PM,697830.39
637,Ruthie,Rubica,rrubicaho@weebly.com,Female,8/2/2019,1/20/2020,6:58 AM,56764.60
638,Angelica,Bravery,abraveryhp@yahoo.co.jp,Female,10/12/2019,1/16/2020,1:48 AM,2409.70
639,Georgeanna,Shead,gsheadhq@etsy.com,Female,5/5/2019,4/2/2020,6:33 PM,398285.84
640,Kandy,Dedon,kdedonhr@earthlink.net,Female,6/9/2019,4/15/2020,12:48 PM,264077.35
641,Bryn,Marusik,bmarusikhs@abc.net.au,Female,7/16/2019,3/17/2020,6:08 PM,964181.84
642,Welsh,Norree,wnorreeht@zdnet.com,Male,8/6/2019,2/24/2020,12:12 AM,424263.18
643,Benson,Kerwin,bkerwinhu@cnn.com,Male,12/25/2019,3/31/2020,8:04 AM,460092.09
644,Waylen,McLugaish,wmclugaishhv@mediafire.com,Male,7/2/2019,2/10/2020,12:24 PM,487912.96
645,Gert,Van Rembrandt,gvanrembrandthw@ted.com,Female,11/6/2019,2/2/2020,7:40 PM,193705.89
646,Smith,Haile,shailehx@wikimedia.org,Male,7/23/2019,3/19/2020,3:02 PM,978608.79
647,Dunstan,Stannion,dstannionhy@geocities.jp,Male,5/19/2019,1/26/2020,8:35 PM,670343.97
648,Tory,Cunnah,tcunnahhz@google.fr,Female,8/8/2019,4/17/2020,7:00 AM,800539.47
649,Enrico,Fivey,efiveyi0@squidoo.com,Male,5/24/2019,5/13/2020,11:50 PM,537355.84
650,Sallyanne,MacKilroe,smackilroei1@fda.gov,Female,9/15/2019,1/7/2020,5:48 AM,77508.15
651,Salvidor,Benedit,sbenediti2@yandex.ru,Male,6/2/2019,1/11/2020,12:31 PM,136211.25
652,Heindrick,Otham,hothami3@xing.com,Male,5/19/2019,3/26/2020,4:59 PM,532115.66
653,Siegfried,Bertwistle,sbertwistlei4@privacy.gov.au,Male,8/22/2019,1/18/2020,4:46 AM,729657.38
654,West,Labro,wlabroi5@tinypic.com,Male,6/6/2019,5/8/2020,4:10 PM,293325.29
655,Korie,Loader,kloaderi6@baidu.com,Female,6/10/2019,1/14/2020,2:09 AM,102050.46
656,Theadora,Sabberton,tsabbertoni7@accuweather.com,Female,6/3/2019,2/1/2020,7:25 AM,769029.38
657,Ardene,Purry,apurryi8@mit.edu,Female,12/3/2019,4/30/2020,11:02 AM,831816.23
658,Jake,Stoppard,jstoppardi9@altervista.org,Male,10/7/2019,4/26/2020,1:49 PM,140277.34
659,Marlin,Alvey,malveyia@1und1.de,Male,8/12/2019,4/29/2020,12:28 PM,687342.94
660,Filbert,Bakhrushin,fbakhrushinib@sphinn.com,Male,11/26/2019,2/17/2020,6:11 AM,14431.95
661,Donaugh,Deplacido,ddeplacidoic@europa.eu,Male,6/19/2019,5/13/2020,12:05 PM,461715.99
662,Jarid,Quipp,jquippid@myspace.com,Male,8/4/2019,3/14/2020,8:44 AM,947362.74
663,Melitta,Lashford,mlashfordie@cornell.edu,Female,5/9/2019,4/23/2020,12:28 PM,679513.55
664,Brad,Lohrensen,blohrensenif@tripod.com,Male,10/1/2019,3/19/2020,11:15 PM,404410.58
665,Benjie,Sulter,bsulterig@mediafire.com,Male,5/16/2019,1/1/2020,12:07 PM,292378.17
666,Hortense,Widdall,hwiddallih@deviantart.com,Female,6/18/2019,3/19/2020,9:21 PM,337975.16
667,Maximilianus,Pauleau,mpauleauii@ovh.net,Male,11/15/2019,2/25/2020,11:13 PM,920630.84
668,Gilbert,Popplewell,gpopplewellij@washingtonpost.com,Male,10/7/2019,2/29/2020,8:26 PM,445052.47
669,Darryl,Edgerton,dedgertonik@1688.com,Female,7/14/2019,4/30/2020,3:31 PM,81511.95
670,Carmina,Sprouls,csproulsil@netvibes.com,Female,9/13/2019,3/2/2020,1:47 AM,219987.21
671,Inglis,Gilham,igilhamim@desdev.cn,Male,8/3/2019,2/22/2020,8:04 PM,368684.95
672,Gar,Lankford,glankfordin@wunderground.com,Male,8/20/2019,5/12/2020,10:19 PM,976106.76
673,Correy,Taudevin,ctaudevinio@businesswire.com,Female,12/20/2019,4/20/2020,3:36 AM,226518.40
674,Wolf,Draysey,wdrayseyip@ifeng.com,Male,9/15/2019,2/17/2020,1:26 AM,361958.58
675,Doretta,Rhodes,drhodesiq@phpbb.com,Female,9/29/2019,2/16/2020,5:13 AM,865256.94
676,Martina,Mixworthy,mmixworthyir@ebay.com,Female,12/15/2019,3/18/2020,7:24 PM,749543.78
677,Lonnard,Archbold,larchboldis@cafepress.com,Male,12/14/2019,2/26/2020,6:09 AM,993377.18
678,Verile,Revington,vrevingtonit@ning.com,Female,6/2/2019,3/23/2020,12:13 PM,466100.70
679,Cyrille,Beadell,cbeadelliu@wikispaces.com,Male,11/3/2019,2/3/2020,1:20 PM,11917.60
680,Rayner,Elston,relstoniv@wunderground.com,Male,7/18/2019,2/15/2020,6:21 AM,999042.82
681,Geri,Jolland,gjollandiw@sakura.ne.jp,Female,12/14/2019,1/7/2020,4:28 PM,920897.42
682,Lillis,Juszkiewicz,ljuszkiewiczix@ehow.com,Female,9/7/2019,2/29/2020,7:54 PM,526532.27
683,Trumann,Runcie,truncieiy@ucoz.ru,Male,5/26/2019,4/21/2020,2:48 PM,387778.52
684,Phil,Vick,pvickiz@tinyurl.com,Male,12/19/2019,2/6/2020,11:01 PM,748015.98
685,Alexi,Dohmann,adohmannj0@mapquest.com,Female,11/22/2019,2/7/2020,1:34 AM,16362.97
686,Kira,Colbert,kcolbertj1@statcounter.com,Female,11/5/2019,5/12/2020,2:56 AM,149957.83
687,Clarice,Goom,cgoomj2@shutterfly.com,Female,11/18/2019,3/24/2020,10:39 AM,947467.57
688,Rosalind,Kubelka,rkubelkaj3@studiopress.com,Female,10/12/2019,3/20/2020,4:29 AM,548413.59
689,Osbert,Harvey,oharveyj4@mayoclinic.com,Male,11/22/2019,5/6/2020,2:44 PM,419501.05
690,Gates,Syson,gsysonj5@nasa.gov,Female,6/6/2019,4/29/2020,5:06 PM,167184.99
691,Gus,Speeding,gspeedingj6@ihg.com,Male,8/6/2019,4/1/2020,9:10 PM,344935.31
692,Thatcher,Drayn,tdraynj7@apple.com,Male,7/14/2019,3/22/2020,3:26 AM,622207.65
693,Cecilius,Trude,ctrudej8@cdc.gov,Male,5/8/2019,2/6/2020,11:04 AM,183733.01
694,Jacquie,Laudham,jlaudhamj9@cargocollective.com,Female,6/2/2019,1/14/2020,3:25 PM,922099.77
695,Nara,Biddlecombe,nbiddlecombeja@taobao.com,Female,5/30/2019,5/11/2020,9:16 AM,862122.52
696,Brice,Ducroe,bducroejb@google.fr,Male,12/20/2019,1/4/2020,11:50 AM,715144.91
697,Marcelia,Standbrook,mstandbrookjc@about.me,Female,6/25/2019,4/24/2020,10:20 AM,469011.74
698,Jonah,Bullcock,jbullcockjd@dell.com,Male,9/30/2019,1/24/2020,3:19 AM,543053.43
699,Amandie,Milsom,amilsomje@usa.gov,Female,12/7/2019,1/21/2020,11:01 PM,861340.56
700,Alanson,Girardet,agirardetjf@ovh.net,Male,9/9/2019,3/21/2020,4:42 PM,408775.52
701,Lionel,Wysome,lwysomejg@usatoday.com,Male,7/21/2019,3/10/2020,12:22 PM,322054.35
702,Shannen,Stoile,sstoilejh@altervista.org,Female,5/4/2019,4/23/2020,6:24 AM,776472.15
703,Seymour,Colin,scolinji@si.edu,Male,8/22/2019,2/3/2020,10:13 AM,755538.85
704,Mordy,Mash,mmashjj@google.com.br,Male,5/9/2019,4/30/2020,4:06 PM,775990.93
705,Curtis,Semkins,csemkinsjk@studiopress.com,Male,9/6/2019,2/16/2020,5:30 AM,622764.82
706,Katee,Wye,kwyejl@vinaora.com,Female,10/19/2019,4/2/2020,1:44 PM,958385.89
707,Lianne,Tal,ltaljm@surveymonkey.com,Female,7/25/2019,2/18/2020,4:17 PM,976365.88
708,Filmore,MacCrann,fmaccrannjn@list-manage.com,Male,8/9/2019,3/10/2020,9:41 AM,21244.38
709,Lalo,Cabral,lcabraljo@tuttocitta.it,Male,10/25/2019,1/18/2020,3:52 AM,548913.37
710,Sharla,Macauley,smacauleyjp@prlog.org,Female,7/3/2019,3/9/2020,4:04 AM,262305.57
711,Janka,O'Fearguise,jofearguisejq@bloomberg.com,Female,5/24/2019,3/17/2020,7:30 PM,786884.23
712,Nestor,Snarie,nsnariejr@java.com,Male,6/12/2019,2/22/2020,12:06 PM,858051.96
713,Juan,Kitlee,jkitleejs@deliciousdays.com,Male,5/26/2019,1/27/2020,3:15 AM,389546.89
714,Ewan,Bril,ebriljt@senate.gov,Male,12/23/2019,1/31/2020,7:09 AM,421945.81
715,Lory,Schoales,lschoalesju@ibm.com,Female,5/21/2019,4/12/2020,11:43 PM,854275.80
716,Nikolaus,Prandin,nprandinjv@newsvine.com,Male,5/5/2019,4/30/2020,5:08 AM,995543.08
717,Carl,Keerl,ckeerljw@spotify.com,Male,6/26/2019,3/14/2020,7:21 PM,232575.11
718,Sean,Harvatt,sharvattjx@people.com.cn,Female,11/27/2019,2/16/2020,2:14 PM,553949.75
719,Osborn,Beesey,obeeseyjy@opera.com,Male,6/17/2019,3/10/2020,2:22 PM,524723.28
720,Maitilde,Petruszka,mpetruszkajz@spotify.com,Female,10/22/2019,3/31/2020,3:18 AM,162603.75
721,Fara,Fills,ffillsk0@mit.edu,Female,6/12/2019,1/20/2020,3:58 PM,437579.44
722,Delila,Stanluck,dstanluckk1@ox.ac.uk,Female,5/20/2019,4/18/2020,10:15 AM,14461.23
723,Emily,Ablewhite,eablewhitek2@constantcontact.com,Female,7/2/2019,3/20/2020,1:54 AM,220798.83
724,Mendel,Lanfranchi,mlanfranchik3@cdbaby.com,Male,5/2/2019,2/1/2020,7:48 PM,487232.48
725,Heriberto,Kedslie,hkedsliek4@so-net.ne.jp,Male,6/23/2019,4/22/2020,1:27 AM,277802.33
726,Teresa,Montague,tmontaguek5@360.cn,Female,10/13/2019,1/27/2020,4:43 AM,675827.67
727,Jacklyn,Bouldstridge,jbouldstridgek6@vinaora.com,Female,8/27/2019,4/22/2020,12:14 PM,728954.86
728,Tedda,Dohms,tdohmsk7@etsy.com,Female,6/27/2019,4/8/2020,8:14 PM,757433.45
729,Adoree,Gillean,agilleank8@odnoklassniki.ru,Female,8/19/2019,4/24/2020,10:03 PM,564827.84
730,Leicester,Baumaier,lbaumaierk9@youtu.be,Male,9/12/2019,4/13/2020,10:49 PM,891886.09
731,Crista,Luigi,cluigika@google.com.hk,Female,11/14/2019,1/5/2020,9:24 PM,280329.42
732,Markus,Rait,mraitkb@php.net,Male,7/2/2019,3/26/2020,12:44 AM,37196.10
733,Anette,Fernely,afernelykc@merriam-webster.com,Female,12/14/2019,1/25/2020,9:04 PM,895641.50
734,Carola,Jewster,cjewsterkd@oracle.com,Female,8/3/2019,1/1/2020,12:02 AM,568075.55
735,Arlette,Folder,afolderke@dot.gov,Female,8/14/2019,2/22/2020,4:17 AM,270771.45
736,Elliot,Kobelt,ekobeltkf@hubpages.com,Male,5/25/2019,2/10/2020,5:06 AM,623712.74
737,Rosabella,Bowser,rbowserkg@theglobeandmail.com,Female,5/28/2019,1/28/2020,12:46 AM,134036.86
738,Roxanna,Bortoluzzi,rbortoluzzikh@pcworld.com,Female,11/21/2019,4/22/2020,6:25 PM,62540.36
739,Adrien,Turnbull,aturnbullki@globo.com,Male,10/11/2019,1/20/2020,4:00 AM,410176.18
740,Abdul,Vardy,avardykj@geocities.jp,Male,12/10/2019,3/27/2020,5:59 AM,229015.07
741,Norrie,McCrossan,nmccrossankk@unesco.org,Female,7/24/2019,4/18/2020,7:11 PM,518381.45
742,Rebe,Chorley,rchorleykl@facebook.com,Female,9/25/2019,3/1/2020,9:27 AM,709648.68
743,Melessa,Imms,mimmskm@google.com.br,Female,7/30/2019,1/13/2020,6:38 AM,876340.13
744,Elayne,Chalfont,echalfontkn@dion.ne.jp,Female,7/12/2019,4/6/2020,7:37 PM,419580.21
745,Bill,Hamman,bhammanko@cam.ac.uk,Male,6/17/2019,2/28/2020,9:37 PM,742529.14
746,Gualterio,De Minico,gdeminicokp@ehow.com,Male,7/10/2019,3/18/2020,7:30 AM,240865.07
747,Jake,Ciardo,jciardokq@berkeley.edu,Male,10/17/2019,5/4/2020,10:57 AM,11950.59
748,Clari,Gunner,cgunnerkr@sphinn.com,Female,12/9/2019,2/25/2020,6:13 PM,896019.26
749,Livvyy,McCurrie,lmccurrieks@feedburner.com,Female,10/10/2019,3/23/2020,11:05 PM,555481.38
750,Shae,Eyer,seyerkt@unesco.org,Male,11/13/2019,3/6/2020,5:32 PM,589979.33
751,Lanni,Minshull,lminshullku@kickstarter.com,Female,11/23/2019,3/21/2020,10:25 PM,88000.26
752,Caitrin,Favey,cfaveykv@eepurl.com,Female,6/15/2019,1/30/2020,1:36 AM,178079.30
753,Germaine,Jiri,gjirikw@sitemeter.com,Female,8/17/2019,4/8/2020,8:41 AM,53236.67
754,Courtnay,Raftery,crafterykx@youku.com,Female,11/5/2019,3/2/2020,8:46 PM,275363.88
755,Pepillo,Skylett,pskylettky@theguardian.com,Male,12/13/2019,2/13/2020,10:10 PM,877314.56
756,Marsh,Dametti,mdamettikz@redcross.org,Male,5/7/2019,4/27/2020,11:50 AM,988600.40
757,Gawen,Dabinett,gdabinettl0@netvibes.com,Male,11/26/2019,3/15/2020,4:02 PM,475284.23
758,Krissy,Cathee,kcatheel1@wordpress.com,Female,5/27/2019,2/16/2020,6:44 AM,909606.35
759,Syman,Stoyell,sstoyelll2@techcrunch.com,Male,6/4/2019,2/14/2020,5:08 AM,663901.66
760,Orin,Eddleston,oeddlestonl3@woothemes.com,Male,11/6/2019,1/11/2020,11:54 AM,883272.44
761,Cleavland,Fisbey,cfisbeyl4@wiley.com,Male,6/18/2019,1/19/2020,9:43 AM,798655.66
762,Andriette,Botwright,abotwrightl5@berkeley.edu,Female,5/20/2019,2/16/2020,7:17 AM,353767.62
763,Nichole,Yoseloff,nyoseloffl6@xrea.com,Male,10/8/2019,3/8/2020,2:22 AM,413931.88
764,Brendon,Dyet,bdyetl7@sourceforge.net,Male,11/24/2019,3/28/2020,6:27 PM,660905.25
765,Haze,Scotfurth,hscotfurthl8@merriam-webster.com,Male,9/22/2019,4/26/2020,1:09 PM,906807.62
766,Berkly,Paolucci,bpaoluccil9@newyorker.com,Male,10/14/2019,4/7/2020,5:32 AM,324924.88
767,Fabien,Garioch,fgariochla@tuttocitta.it,Male,9/12/2019,4/26/2020,7:47 AM,906281.32
768,Pierre,MacNess,pmacnesslb@com.com,Male,11/17/2019,4/7/2020,11:33 AM,929554.69
769,Quinn,Uccelli,quccellilc@pcworld.com,Male,6/18/2019,1/5/2020,12:30 PM,373932.28
770,Felicia,Perkis,fperkisld@delicious.com,Female,8/15/2019,2/2/2020,1:37 PM,197277.80
771,Cleo,Gallacher,cgallacherle@shinystat.com,Female,12/14/2019,2/25/2020,4:18 AM,362618.72
772,Borden,Kinkead,bkinkeadlf@salon.com,Male,7/17/2019,3/8/2020,6:41 PM,277121.62
773,Murdock,Vigurs,mvigurslg@slate.com,Male,6/23/2019,4/12/2020,11:58 PM,891236.79
774,Ripley,Clive,rclivelh@webnode.com,Male,11/28/2019,3/27/2020,6:04 PM,595596.79
775,Britteny,MacIntyre,bmacintyreli@wired.com,Female,9/21/2019,4/23/2020,8:33 PM,781696.66
776,Worth,Gettens,wgettenslj@disqus.com,Male,7/22/2019,3/5/2020,1:15 PM,498510.69
777,Celle,Dimbylow,cdimbylowlk@tripadvisor.com,Female,5/8/2019,1/24/2020,10:50 AM,516729.00
778,Ruthe,Walenta,rwalentall@techcrunch.com,Female,7/24/2019,1/9/2020,11:11 PM,427553.20
779,Cosme,Paynter,cpaynterlm@newsvine.com,Male,5/25/2019,4/3/2020,2:51 PM,89183.78
780,Josselyn,Rycroft,jrycroftln@usda.gov,Female,8/17/2019,2/19/2020,4:10 PM,913694.17
781,Fransisco,MacVicar,fmacvicarlo@usatoday.com,Male,11/25/2019,4/4/2020,5:05 PM,356846.00
782,Gabe,Gotmann,ggotmannlp@xing.com,Male,5/25/2019,3/5/2020,6:59 PM,348523.04
783,Felisha,Krop,fkroplq@digg.com,Female,9/29/2019,5/9/2020,12:26 AM,367870.96
784,Dacey,Duffit,dduffitlr@digg.com,Female,10/11/2019,4/1/2020,11:22 PM,711191.25
785,Agretha,Templeman,atemplemanls@csmonitor.com,Female,12/23/2019,2/28/2020,6:38 AM,888999.49
786,Winifred,Daniello,wdaniellolt@w3.org,Female,5/9/2019,1/7/2020,7:16 AM,212489.60
787,Abran,Allbrook,aallbrooklu@google.cn,Male,11/11/2019,4/16/2020,10:42 PM,734930.77
788,Desiri,Wearing,dwearinglv@liveinternet.ru,Female,8/8/2019,4/8/2020,7:15 PM,830530.17
789,Shelton,O'Hoolahan,sohoolahanlw@blogger.com,Male,7/5/2019,4/4/2020,4:11 AM,847539.07
790,Torrance,Jerche,tjerchelx@paginegialle.it,Male,6/16/2019,1/31/2020,9:04 AM,630671.86
791,Glennie,Heatly,gheatlyly@comsenz.com,Female,9/20/2019,2/24/2020,11:36 AM,915254.59
792,Laurel,Marrington,lmarringtonlz@wordpress.com,Female,10/18/2019,4/17/2020,3:54 AM,399947.12
793,Ker,Braikenridge,kbraikenridgem0@devhub.com,Male,12/18/2019,4/24/2020,5:39 AM,360079.19
794,Corrine,Hallowell,challowellm1@smugmug.com,Female,11/3/2019,5/8/2020,9:38 AM,971820.56
795,Edmund,Eicke,eeickem2@dropbox.com,Male,8/23/2019,2/3/2020,2:06 AM,722885.45
796,Rockwell,Steadman,rsteadmanm3@plala.or.jp,Male,6/25/2019,4/15/2020,7:19 PM,862661.46
797,Tyrone,Coade,tcoadem4@eepurl.com,Male,7/1/2019,2/1/2020,9:08 PM,443092.77
798,Leona,Kinch,lkinchm5@biglobe.ne.jp,Female,12/27/2019,1/20/2020,7:40 PM,623300.41
799,Serge,Pattlel,spattlelm6@etsy.com,Male,10/28/2019,5/6/2020,10:13 PM,940182.33
800,Aurelea,Boig,aboigm7@dot.gov,Female,5/13/2019,4/6/2020,4:29 AM,91055.77
801,Hilton,Kopec,hkopecm8@cdbaby.com,Male,11/12/2019,3/28/2020,9:19 PM,886486.77
802,Alfie,Delph,adelphm9@weather.com,Female,12/26/2019,4/3/2020,12:07 AM,431173.90
803,Aaron,Schaumann,aschaumannma@yahoo.co.jp,Male,9/6/2019,2/10/2020,12:54 PM,629818.65
804,Gar,Dalbey,gdalbeymb@guardian.co.uk,Male,10/2/2019,3/17/2020,5:01 AM,79154.40
805,Arch,Verdon,averdonmc@jigsy.com,Male,5/14/2019,3/25/2020,9:24 PM,995172.02
806,Jyoti,Belson,jbelsonmd@netlog.com,Female,11/8/2019,3/7/2020,2:44 AM,567764.08
807,Emyle,Phillip,ephillipme@vk.com,Female,5/22/2019,1/10/2020,8:04 AM,368278.91
808,Dori,Ourry,dourrymf@plala.or.jp,Female,11/27/2019,1/7/2020,10:20 AM,651401.74
809,Sherilyn,Leagas,sleagasmg@virginia.edu,Female,8/1/2019,4/17/2020,3:53 AM,66382.09
810,Ethelin,Hyder,ehydermh@latimes.com,Female,7/2/2019,2/22/2020,11:40 PM,157945.62
811,Clayborn,Brookesbie,cbrookesbiemi@chron.com,Male,10/24/2019,1/22/2020,10:25 AM,80937.03
812,Roland,Gladbach,rgladbachmj@skype.com,Male,8/20/2019,1/7/2020,2:20 AM,290895.37
813,Trent,Cattrell,tcattrellmk@trellian.com,Male,8/8/2019,5/2/2020,7:25 PM,500163.92
814,Rudie,Clemanceau,rclemanceauml@samsung.com,Male,7/27/2019,2/14/2020,12:23 AM,87766.46
815,Mandie,Crallan,mcrallanmm@fema.gov,Female,11/16/2019,2/1/2020,8:54 AM,447282.00
816,Berke,Phillput,bphillputmn@opera.com,Male,8/27/2019,5/1/2020,12:29 PM,258456.73
817,Haskell,Richel,hrichelmo@biblegateway.com,Male,8/20/2019,3/2/2020,5:16 AM,707353.62
818,Penn,Power,ppowermp@nifty.com,Male,7/20/2019,4/28/2020,5:40 AM,390071.62
819,Orion,Norvill,onorvillmq@wufoo.com,Male,6/12/2019,1/1/2020,8:27 AM,201384.55
820,Gar,Kordovani,gkordovanimr@newsvine.com,Male,12/5/2019,1/21/2020,4:03 PM,170977.53
821,Warner,Cristofolini,wcristofolinims@merriam-webster.com,Male,7/23/2019,2/6/2020,10:29 PM,948663.97
822,Lilyan,MacAnelley,lmacanelleymt@smh.com.au,Female,11/12/2019,1/1/2020,1:36 PM,972302.82
823,Noah,Rout,nroutmu@rambler.ru,Male,8/20/2019,1/25/2020,2:40 PM,308988.00
824,Brier,Wakelam,bwakelammv@over-blog.com,Female,5/16/2019,2/21/2020,1:33 PM,8748.76
825,Kiri,Solan,ksolanmw@bluehost.com,Female,9/2/2019,1/8/2020,5:02 PM,265895.06
826,Dallis,Artis,dartismx@prnewswire.com,Male,12/14/2019,4/4/2020,10:20 AM,730597.86
827,Wald,Mion,wmionmy@hc360.com,Male,12/30/2019,3/30/2020,1:52 AM,604232.91
828,Avie,Woodhouse,awoodhousemz@delicious.com,Female,12/15/2019,4/19/2020,2:31 PM,215916.76
829,Lynnea,Hansell,lhanselln0@booking.com,Female,7/14/2019,2/26/2020,7:33 PM,783414.55
830,Seward,Lorant,slorantn1@house.gov,Male,5/4/2019,4/22/2020,6:15 AM,745888.55
831,Anatole,Clubley,aclubleyn2@ow.ly,Male,8/27/2019,3/26/2020,7:43 PM,264855.89
832,Loydie,Scutching,lscutchingn3@jimdo.com,Male,5/22/2019,5/7/2020,1:47 AM,217676.68
833,Ronnie,Duignan,rduignann4@accuweather.com,Male,6/24/2019,2/16/2020,10:43 AM,550993.94
834,Emmanuel,Chapman,echapmann5@baidu.com,Male,9/14/2019,4/1/2020,8:32 AM,398995.84
835,Willard,Trickey,wtrickeyn6@webnode.com,Male,6/27/2019,2/14/2020,6:03 PM,399821.26
836,Wakefield,Brunsen,wbrunsenn7@utexas.edu,Male,10/14/2019,4/2/2020,4:11 PM,273955.18
837,Queenie,Duester,qduestern8@shinystat.com,Female,6/24/2019,3/4/2020,3:24 PM,963593.66
838,Gipsy,Bramley,gbramleyn9@chronoengine.com,Female,9/26/2019,3/1/2020,4:59 PM,516214.09
839,Lay,Child,lchildna@bloglovin.com,Male,8/18/2019,2/19/2020,5:10 PM,17213.16
840,Olav,Samsin,osamsinnb@blogspot.com,Male,7/23/2019,3/24/2020,2:40 PM,527335.61
841,Jenny,Kenwyn,jkenwynnc@bloomberg.com,Female,11/6/2019,1/2/2020,11:53 AM,325599.21
842,Linette,Androli,landrolind@shop-pro.jp,Female,10/31/2019,5/1/2020,5:05 PM,133543.45
843,Glenn,Ferrey,gferreyne@comcast.net,Male,11/16/2019,1/30/2020,6:00 PM,405194.80
844,Luke,Forde,lfordenf@businesswire.com,Male,6/10/2019,5/13/2020,10:47 AM,132595.66
845,Tansy,Goundrill,tgoundrillng@dot.gov,Female,7/7/2019,4/29/2020,11:45 PM,169463.50
846,Lizabeth,Geaney,lgeaneynh@issuu.com,Female,10/25/2019,4/8/2020,2:10 AM,645671.79
847,Natala,O'Day,nodayni@shinystat.com,Female,5/24/2019,2/24/2020,10:32 PM,385142.36
848,Caye,Halcro,chalcronj@gov.uk,Female,10/29/2019,4/28/2020,11:16 PM,641421.01
849,Kalli,M'Quhan,kmquhannk@yellowpages.com,Female,10/14/2019,1/21/2020,5:58 AM,572799.80
850,Jamill,Proffitt,jproffittnl@ox.ac.uk,Male,8/26/2019,4/12/2020,4:45 AM,544154.55
851,Alethea,Slowley,aslowleynm@reference.com,Female,10/7/2019,3/9/2020,5:49 PM,705026.76
852,Quinn,Monelli,qmonellinn@w3.org,Female,11/10/2019,2/19/2020,10:14 PM,173461.28
853,Cordy,Easterbrook,ceasterbrookno@columbia.edu,Male,7/10/2019,1/7/2020,2:18 PM,15815.34
854,Kristel,Vasilchikov,kvasilchikovnp@ustream.tv,Female,10/16/2019,2/1/2020,2:55 AM,755311.96
855,Barr,Ghilardi,bghilardinq@meetup.com,Male,9/16/2019,1/3/2020,8:58 PM,241981.02
856,Alberto,Bartlomiejczyk,abartlomiejczyknr@gov.uk,Male,7/24/2019,2/20/2020,12:04 PM,904135.55
857,Jaimie,Binnion,jbinnionns@blog.com,Male,11/25/2019,1/21/2020,2:20 AM,644272.63
858,Zsazsa,Dowyer,zdowyernt@yale.edu,Female,8/13/2019,3/11/2020,2:51 AM,498402.91
859,Jacquenette,Charters,jchartersnu@amazon.co.jp,Female,10/22/2019,3/10/2020,12:12 PM,650422.40
860,Josy,Sickert,jsickertnv@istockphoto.com,Female,8/20/2019,4/10/2020,9:20 AM,740035.35
861,Wynnie,Merriday,wmerridaynw@cyberchimps.com,Female,12/3/2019,1/21/2020,4:55 PM,85631.88
862,Bellanca,Warret,bwarretnx@salon.com,Female,11/30/2019,3/4/2020,5:15 AM,155466.73
863,Arnuad,Donnellan,adonnellanny@sourceforge.net,Male,6/23/2019,4/8/2020,3:26 PM,754910.84
864,Ardra,Brockie,abrockienz@chronoengine.com,Female,11/20/2019,2/11/2020,6:45 PM,597698.23
865,Sibeal,Georgeot,sgeorgeoto0@cpanel.net,Female,8/26/2019,1/8/2020,10:20 AM,785886.94
866,Noellyn,Steffans,nsteffanso1@shutterfly.com,Female,11/5/2019,4/26/2020,2:25 PM,956192.50
867,Kora,Saenz,ksaenzo2@state.gov,Female,6/22/2019,3/2/2020,4:59 AM,259109.49
868,Lolly,Vonasek,lvonaseko3@google.fr,Female,8/14/2019,2/26/2020,1:39 PM,463812.09
869,Artie,Yeliashev,ayeliashevo4@edublogs.org,Male,11/1/2019,2/22/2020,7:05 AM,356217.59
870,Hashim,Relton,hreltono5@naver.com,Male,11/12/2019,2/18/2020,10:01 PM,993340.57
871,Nedi,Sly,nslyo6@blogs.com,Female,5/25/2019,1/19/2020,5:19 AM,163784.95
872,Leoine,Barthel,lbarthelo7@ted.com,Female,12/6/2019,1/3/2020,3:29 PM,591917.42
873,Meryl,Patman,mpatmano8@quantcast.com,Male,7/26/2019,2/18/2020,7:57 AM,718414.34
874,Bealle,Frushard,bfrushardo9@barnesandnoble.com,Male,11/7/2019,4/21/2020,8:25 PM,207697.04
875,Diarmid,Vickers,dvickersoa@earthlink.net,Male,7/9/2019,1/30/2020,4:08 PM,121170.24
876,Kim,Fairfoull,kfairfoullob@gov.uk,Female,8/27/2019,2/24/2020,6:53 AM,922051.58
877,Roze,Divver,rdivveroc@rakuten.co.jp,Female,9/3/2019,5/6/2020,4:10 PM,976648.81
878,Micheil,Stambridge,mstambridgeod@canalblog.com,Male,8/25/2019,5/2/2020,1:32 PM,412785.60
879,Danie,Cunniff,dcunniffoe@paypal.com,Male,6/9/2019,4/22/2020,8:57 PM,987995.91
880,Calli,Prozescky,cprozesckyof@ebay.co.uk,Female,7/15/2019,4/4/2020,12:27 AM,769978.68
881,Bella,Matchett,bmatchettog@google.nl,Female,10/9/2019,1/5/2020,3:12 AM,579948.61
882,Andrea,McMylor,amcmyloroh@wordpress.com,Female,7/13/2019,2/16/2020,6:06 PM,737942.66
883,Carlo,Dutson,cdutsonoi@godaddy.com,Male,5/14/2019,3/1/2020,5:49 PM,864744.11
884,Bibby,Ousley,bousleyoj@admin.ch,Female,10/11/2019,5/9/2020,2:29 PM,133300.83
885,Brandie,Crockley,bcrockleyok@de.vu,Female,9/10/2019,1/31/2020,4:32 AM,154570.96
886,Thorstein,Tyzack,ttyzackol@pcworld.com,Male,12/18/2019,4/3/2020,5:23 PM,969889.17
887,Johnny,Taggerty,jtaggertyom@ycombinator.com,Male,12/20/2019,1/8/2020,10:53 PM,782856.80
888,Rubina,Dungee,rdungeeon@mozilla.org,Female,11/15/2019,2/28/2020,7:44 AM,691023.59
889,Haskel,Mahaddie,hmahaddieoo@wufoo.com,Male,10/13/2019,4/1/2020,10:20 AM,389950.48
890,Jaimie,Yuryichev,jyuryichevop@baidu.com,Male,7/9/2019,5/11/2020,3:11 PM,586236.45
891,Yolanthe,Golt,ygoltoq@artisteer.com,Female,10/5/2019,4/28/2020,4:01 PM,397448.11
892,Roobbie,Brimicombe,rbrimicombeor@soup.io,Female,6/15/2019,1/30/2020,9:53 PM,483440.62
893,Currie,Brockton,cbrocktonos@cpanel.net,Male,5/6/2019,3/21/2020,10:50 AM,655269.95
894,Melisse,Pidgeon,mpidgeonot@oakley.com,Female,12/12/2019,3/3/2020,2:30 AM,73920.46
895,Bearnard,Loosemore,bloosemoreou@tiny.cc,Male,10/16/2019,1/2/2020,9:49 PM,889387.03
896,Kay,Tregensoe,ktregensoeov@topsy.com,Female,11/24/2019,3/22/2020,9:40 PM,792687.66
897,Morey,Toke,mtokeow@yellowpages.com,Male,10/31/2019,4/8/2020,10:57 AM,193810.48
898,Nikolas,Henric,nhenricox@bbc.co.uk,Male,10/15/2019,4/8/2020,6:37 PM,425165.19
899,Carlo,Josskovitz,cjosskovitzoy@reuters.com,Male,6/7/2019,2/17/2020,12:12 PM,548314.66
900,Rich,Liveley,rliveleyoz@elegantthemes.com,Male,5/19/2019,2/14/2020,4:19 PM,418055.30
901,Welch,Corr,wcorrp0@weebly.com,Male,5/31/2019,3/10/2020,1:19 PM,780658.20
902,Jeniffer,Goodricke,jgoodrickep1@twitter.com,Female,9/2/2019,5/9/2020,5:59 PM,7216.03
903,Zenia,Eadie,zeadiep2@stumbleupon.com,Female,7/19/2019,1/29/2020,3:05 AM,556612.67
904,Valerie,Boykett,vboykettp3@admin.ch,Female,12/21/2019,3/27/2020,3:46 AM,636113.95
905,Zechariah,Frary,zfraryp4@wufoo.com,Male,10/18/2019,1/2/2020,4:10 PM,598665.27
906,Laurent,Crunkhurn,lcrunkhurnp5@washingtonpost.com,Male,9/24/2019,4/8/2020,6:58 PM,705634.57
907,Annmarie,Lightbourne,alightbournep6@sciencedaily.com,Female,5/13/2019,1/23/2020,2:14 AM,275528.49
908,Roda,Rickis,rrickisp7@go.com,Female,10/9/2019,1/20/2020,3:46 AM,478141.63
909,Nero,Wason,nwasonp8@yolasite.com,Male,5/30/2019,1/1/2020,3:18 PM,756676.04
910,D'arcy,Busen,dbusenp9@europa.eu,Male,7/21/2019,2/10/2020,12:56 PM,342384.60
911,Clara,Yablsley,cyablsleypa@comsenz.com,Female,5/15/2019,1/3/2020,2:20 PM,489660.11
912,Kathy,Golton,kgoltonpb@163.com,Female,5/7/2019,2/12/2020,12:44 PM,754404.16
913,Melicent,Fitchen,mfitchenpc@bloglines.com,Female,5/5/2019,3/16/2020,5:51 AM,410924.64
914,Celine,Sapauton,csapautonpd@so-net.ne.jp,Female,7/31/2019,3/30/2020,5:25 PM,371516.03
915,Katya,Greer,kgreerpe@cdbaby.com,Female,8/13/2019,2/22/2020,5:41 AM,134436.04
916,Vidovic,Hutchinson,vhutchinsonpf@plala.or.jp,Male,11/13/2019,3/10/2020,5:31 AM,497079.96
917,Alanson,De la Perrelle,adelaperrellepg@baidu.com,Male,11/12/2019,3/13/2020,5:26 PM,829752.78
918,Sharia,Hambrick,shambrickph@miitbeian.gov.cn,Female,10/24/2019,2/27/2020,6:44 PM,909887.61
919,Adams,Lapere,alaperepi@newyorker.com,Male,11/23/2019,1/1/2020,11:54 AM,953922.58
920,Tedmund,Edds,teddspj@census.gov,Male,7/17/2019,1/7/2020,1:07 AM,276148.71
921,Jacki,Stebbings,jstebbingspk@microsoft.com,Female,8/21/2019,4/6/2020,2:33 PM,697400.84
922,Brandy,Habert,bhabertpl@liveinternet.ru,Male,9/30/2019,2/8/2020,8:00 PM,538120.38
923,Perkin,Winmill,pwinmillpm@gizmodo.com,Male,12/30/2019,1/7/2020,3:35 PM,364359.36
924,Jaquelin,Wace,jwacepn@people.com.cn,Female,7/22/2019,1/24/2020,4:30 AM,133387.40
925,Lamond,Fishburn,lfishburnpo@sitemeter.com,Male,11/3/2019,4/20/2020,9:18 PM,737312.22
926,Ignacius,Cinderey,icindereypp@state.tx.us,Male,6/28/2019,4/7/2020,4:22 PM,288072.89
927,Vaughn,Sheriff,vsheriffpq@wsj.com,Male,10/1/2019,4/6/2020,6:28 AM,205119.24
928,Bernardina,Robbings,brobbingspr@vk.com,Female,9/17/2019,4/18/2020,9:49 PM,71276.20
929,Amye,Lebarree,alebarreeps@ycombinator.com,Female,6/25/2019,2/22/2020,7:22 AM,685703.34
930,Minta,Fuentez,mfuentezpt@ucsd.edu,Female,11/18/2019,4/27/2020,9:36 PM,905438.97
931,Wilden,Filchakov,wfilchakovpu@va.gov,Male,8/12/2019,3/10/2020,1:50 AM,56893.30
932,Em,Garrud,egarrudpv@examiner.com,Male,8/9/2019,2/4/2020,3:36 AM,510063.04
933,Elliott,Silkston,esilkstonpw@house.gov,Male,10/10/2019,1/30/2020,10:31 PM,753805.25
934,Tawsha,Jacobovitz,tjacobovitzpx@youtu.be,Female,10/31/2019,5/6/2020,12:01 AM,812753.47
935,Humfrid,Bartoli,hbartolipy@t-online.de,Male,10/5/2019,1/1/2020,6:09 PM,135798.08
936,Kimberlee,Lowndesbrough,klowndesbroughpz@sohu.com,Female,8/22/2019,2/20/2020,6:42 AM,122146.36
937,Consalve,Sidery,csideryq0@google.it,Male,12/16/2019,4/7/2020,3:26 AM,750119.51
938,Hardy,Piffe,hpiffeq1@apple.com,Male,12/9/2019,3/11/2020,1:22 PM,170593.51
939,Stormie,Letherbury,sletherburyq2@amazon.de,Female,12/5/2019,4/28/2020,1:24 PM,860531.44
940,Dalenna,Samworth,dsamworthq3@washingtonpost.com,Female,10/12/2019,1/30/2020,10:37 AM,374690.67
941,Jobey,McKeating,jmckeatingq4@cbsnews.com,Female,10/28/2019,5/13/2020,5:06 PM,458755.69
942,Berty,Raspison,braspisonq5@japanpost.jp,Male,5/19/2019,5/4/2020,9:52 AM,100880.01
943,Iolanthe,Tabbernor,itabbernorq6@i2i.jp,Female,7/22/2019,1/17/2020,7:48 PM,311497.31
944,Caressa,Philipeaux,cphilipeauxq7@people.com.cn,Female,6/14/2019,4/15/2020,4:50 AM,878579.98
945,Eugenia,Mityashin,emityashinq8@google.co.uk,Female,8/8/2019,5/3/2020,3:40 AM,604465.32
946,Carlita,Bartzen,cbartzenq9@theatlantic.com,Female,5/5/2019,3/24/2020,6:05 PM,150378.56
947,Lewes,Hackleton,lhackletonqa@skype.com,Male,12/29/2019,2/24/2020,3:28 AM,238281.90
948,Inga,MacNish,imacnishqb@deviantart.com,Female,8/29/2019,2/13/2020,11:13 PM,398973.32
949,Clari,Dedrick,cdedrickqc@adobe.com,Female,7/7/2019,3/7/2020,6:53 AM,535499.91
950,Mortie,Dunbobbin,mdunbobbinqd@csmonitor.com,Male,9/25/2019,3/28/2020,5:03 PM,596923.37
951,Georgie,Whenham,gwhenhamqe@trellian.com,Male,12/30/2019,3/31/2020,12:25 PM,56197.28
952,Darrin,Gatward,dgatwardqf@wiley.com,Male,10/10/2019,2/15/2020,4:48 PM,580001.55
953,Jarad,Burghill,jburghillqg@time.com,Male,10/14/2019,1/5/2020,3:48 PM,762522.29
954,Cheslie,Cooley,ccooleyqh@sitemeter.com,Female,7/29/2019,2/6/2020,9:38 PM,257535.12
955,Danyelle,Datte,ddatteqi@surveymonkey.com,Female,7/2/2019,1/12/2020,9:32 AM,839435.15
956,Cordie,Callingham,ccallinghamqj@youtu.be,Female,12/25/2019,4/30/2020,6:03 AM,533248.89
957,Federico,Barden,fbardenqk@mashable.com,Male,11/29/2019,4/15/2020,11:11 PM,772228.71
958,Abelard,Giddins,agiddinsql@wsj.com,Male,8/17/2019,5/9/2020,6:42 AM,642943.33
959,Barry,Scinelli,bscinelliqm@yellowpages.com,Female,10/20/2019,2/28/2020,1:52 AM,846508.66
960,Chester,Grumley,cgrumleyqn@google.com,Male,12/21/2019,2/3/2020,4:46 PM,352344.47
961,Dean,Coste,dcosteqo@ask.com,Male,7/19/2019,2/20/2020,10:38 AM,191468.36
962,Kiri,Vanin,kvaninqp@pbs.org,Female,6/26/2019,4/26/2020,1:43 AM,427276.87
963,Ulises,Lismer,ulismerqq@slate.com,Male,6/20/2019,2/3/2020,8:56 AM,919407.15
964,Winnah,Brasier,wbrasierqr@geocities.com,Female,5/14/2019,4/30/2020,12:38 PM,974690.94
965,Lou,Patria,lpatriaqs@unblog.fr,Male,10/8/2019,5/13/2020,12:31 PM,642775.20
966,Geralda,Solland,gsollandqt@uiuc.edu,Female,6/20/2019,5/8/2020,8:47 AM,42587.72
967,Dewey,Dinan,ddinanqu@topsy.com,Male,6/26/2019,5/7/2020,7:26 PM,453869.82
968,Winny,Martinon,wmartinonqv@umich.edu,Female,8/3/2019,3/14/2020,8:07 AM,116726.98
969,Brook,Attiwill,battiwillqw@paginegialle.it,Female,7/12/2019,5/5/2020,5:55 AM,44675.02
970,Bradley,Gaskins,bgaskinsqx@accuweather.com,Male,12/5/2019,2/21/2020,8:52 AM,553232.38
971,Leticia,Franscioni,lfranscioniqy@nymag.com,Female,8/2/2019,4/30/2020,11:53 PM,418229.93
972,Edmund,Keyson,ekeysonqz@hao123.com,Male,7/16/2019,1/12/2020,2:41 AM,563117.13
973,Elisa,Milleton,emilletonr0@globo.com,Female,8/8/2019,2/1/2020,6:48 AM,906184.32
974,Mireille,Lydster,mlydsterr1@answers.com,Female,7/22/2019,2/5/2020,8:36 AM,381706.87
975,Blinni,Suggate,bsuggater2@unblog.fr,Female,11/21/2019,1/8/2020,12:59 AM,95421.07
976,Darrin,Gladwell,dgladwellr3@vinaora.com,Male,12/8/2019,2/27/2020,12:30 AM,557249.35
977,Henrieta,Deverock,hdeverockr4@myspace.com,Female,6/21/2019,5/7/2020,3:57 PM,961422.81
978,Wanids,Sackes,wsackesr5@statcounter.com,Female,8/13/2019,1/23/2020,3:25 PM,652732.10
979,Curtice,Trahair,ctrahairr6@printfriendly.com,Male,7/16/2019,1/31/2020,12:14 AM,34939.26
980,Earl,Minshall,eminshallr7@google.ca,Male,6/3/2019,5/8/2020,4:07 AM,486.25
981,Harlan,Hynes,hhynesr8@cam.ac.uk,Male,8/24/2019,1/4/2020,5:19 AM,134357.87
982,Erick,Ashford,eashfordr9@imageshack.us,Male,5/23/2019,2/12/2020,11:04 PM,394697.61
983,Marla,Libreros,mlibrerosra@go.com,Female,7/28/2019,2/27/2020,12:07 AM,570192.09
984,Anatollo,Grigs,agrigsrb@t-online.de,Male,8/19/2019,2/14/2020,11:45 AM,622523.32
985,Obadiah,Signori,osignorirc@adobe.com,Male,6/29/2019,2/21/2020,1:03 AM,983586.36
986,Junette,Efford,jeffordrd@mail.ru,Female,5/19/2019,1/26/2020,1:46 PM,860752.70
987,Jordan,Stillert,jstillertre@uiuc.edu,Male,12/6/2019,4/11/2020,11:03 AM,687710.50
988,Sigismond,Nurden,snurdenrf@comsenz.com,Male,10/23/2019,4/4/2020,2:52 AM,768048.70
989,Stu,Boothby,sboothbyrg@bbb.org,Male,8/12/2019,3/18/2020,1:09 PM,76356.33
990,Cesaro,Solland,csollandrh@constantcontact.com,Male,7/6/2019,1/9/2020,4:13 PM,347727.25
991,Amandy,Faivre,afaivreri@opensource.org,Female,10/7/2019,1/17/2020,12:01 PM,830112.92
992,Crichton,Becket,cbecketrj@fotki.com,Male,6/21/2019,3/29/2020,10:56 AM,661196.47
993,Cassondra,Wand,cwandrk@cbslocal.com,Female,8/18/2019,2/11/2020,11:08 PM,178796.76
994,Georgena,Barkaway,gbarkawayrl@altervista.org,Female,11/12/2019,4/20/2020,8:54 AM,18328.29
995,Ross,Druce,rdrucerm@macromedia.com,Male,10/26/2019,2/19/2020,9:41 PM,953759.19
996,Roz,Minnis,rminnisrn@fda.gov,Female,8/2/2019,3/10/2020,9:00 PM,123941.14
997,Shanda,Liddicoat,sliddicoatro@buzzfeed.com,Female,8/13/2019,4/19/2020,6:21 AM,607313.95
998,Gawen,Pavlata,gpavlatarp@pinterest.com,Male,7/11/2019,1/5/2020,9:03 AM,53249.09
999,Verene,Bodycombe,vbodycomberq@parallels.com,Female,11/12/2019,1/25/2020,8:24 AM,783475.54
1000,Sonja,Bluett,sbluettrr@goo.gl,Female,12/20/2019,3/3/2020,12:40 PM,49901.19
